company_id,year,capital_allocation_label,cfo_quality_score,capex_intensity_pct,distress_flag
TCS,Mar-13,Growth Investment,100,51.9845027981059,NO
TCS,Mar-14,Growth Investment,100,64.07701172801843,NO
TCS,Mar-15,Growth Investment,100,9.32934069905519,NO
TCS,Mar-16,Growth Investment,100,26.2180124548642,NO
TCS,Mar-17,Growth Investment,100,66.9825159576577,NO
TCS,Mar-18,Stable,100,12.38281405832369,NO
TCS,Mar-19,Stable,100,5.753156366942958,NO
TCS,Mar-20,Stable,100,27.70552071426365,NO
TCS,Mar-21,Growth Investment,100,20.50409772692129,NO
TCS,Mar-22,Growth Investment,100,1.847355378107086,NO
TCS,Mar-23,Stable,100,1.305850113189563,NO
TCS,Mar-24,Stable,100,13.73765167576345,NO
ABB,Dec 2012,Growth Investment,100,58.41584158415841,NO
ABB,Mar 2014,Growth Investment,100,92.90322580645162,NO
ABB,Mar 2015,Growth Investment,100,86.9767441860465,NO
ABB,Mar 2016,Growth Investment,100,30.92369477911647,NO
ABB,Mar 2017,Growth Investment,100,50.4885993485342,NO
ABB,Mar 2018,Growth Investment,100,140.5228758169935,NO
ABB,Mar 2019,Growth Investment,100,51.50300601202404,NO
ABB,Mar 2020,Growth Investment,100,64.05750798722045,NO
ABB,Mar 2021,Growth Investment,100,9.903713892709765,NO
ABB,Mar 2022,Growth Investment,100,41.77215189873418,NO
ABB,Mar 2023,Growth Investment,100,16.57334826427772,NO
ABB,Mar 2024,Growth Investment,100,34.29513602638087,NO
ABB,Mar 2014,Stable,40,,NO
ABB,Mar 2015,Financial Stress,40,5325.714285714286,NO
ABB,Mar 2016,Growth Investment,100,52.84974093264248,NO
ABB,Mar 2017,Growth Investment,100,79.03152124257652,NO
ABB,Mar 2018,Growth Investment,100,145.2229299363057,NO
ABB,Mar 2019,Growth Investment,100,117.715167888846,NO
ABB,Mar 2020,Growth Investment,100,103.7888541475078,NO
ABB,Mar 2021,Growth Investment,100,105.946088794926,NO
ABB,Mar 2022,Growth Investment,100,96.07029533805223,NO
ABB,Mar 2023,Growth Investment,100,124.410908128144,NO
ABB,Mar 2024,Growth Investment,100,81.86485591255382,NO
ADANIENSOL,Mar 2014,Stable,40,,NO
ADANIENSOL,Mar 2015,Financial Stress,40,5325.714285714286,NO
ADANIENSOL,Mar 2016,Growth Investment,100,52.84974093264248,NO
ADANIENSOL,Mar 2017,Growth Investment,100,79.03152124257652,NO
ADANIENSOL,Mar 2018,Growth Investment,100,145.2229299363057,NO
ADANIENSOL,Mar 2019,Growth Investment,100,117.715167888846,NO
ADANIENSOL,Mar 2020,Growth Investment,100,103.7888541475078,NO
ADANIENSOL,Mar 2021,Growth Investment,100,105.946088794926,NO
ADANIENSOL,Mar 2022,Growth Investment,100,96.07029533805223,NO
ADANIENSOL,Mar 2023,Growth Investment,100,124.410908128144,NO
ADANIENSOL,Mar 2024,Growth Investment,100,81.86485591255382,NO
ADANIENT,Mar 2013,Growth Investment,100,192.9298199843465,NO
ADANIENT,Mar 2014,Growth Investment,100,97.31404958677686,NO
ADANIENT,Mar 2015,Growth Investment,100,134.3764650726676,NO
ADANIENT,Mar 2016,Growth Investment,100,35.70031298904539,NO
ADANIENT,Mar 2017,Growth Investment,100,188.6304909560724,NO
ADANIENT,Mar 2018,Growth Investment,100,259.993201903467,NO
ADANIENT,Mar 2019,Stable,100,76.85414091470952,NO
ADANIENT,Mar 2020,Growth Investment,100,44.09127954360228,NO
ADANIENT,Mar 2021,Growth Investment,100,212.9854068760821,NO
ADANIENT,Mar 2022,Growth Investment,100,1230.397111913358,NO
ADANIENT,Mar 2023,Growth Investment,100,87.70566209009418,NO
ADANIENT,Mar 2024,Growth Investment,100,181.9918541505043,NO
ADANIGREEN,Mar 2017,Growth Investment,100,5396.428571428572,NO
ADANIGREEN,Mar 2018,Growth Investment,100,682.2804314329738,NO
ADANIGREEN,Mar 2019,Growth Investment,100,164.0615384615384,NO
ADANIGREEN,Mar 2020,Growth Investment,100,190.4834605597964,NO
ADANIGREEN,Mar 2021,Growth Investment,100,570.7058088694566,NO
ADANIGREEN,Mar 2022,Growth Investment,100,598.9766549408379,NO
ADANIGREEN,Mar 2023,Growth Investment,100,53.09015829318651,NO
ADANIGREEN,Mar 2024,Growth Investment,100,273.0455075845974,NO
ADANIPORTS,Mar 2013,Growth Investment,100,372.4437998549674,NO
ADANIPORTS,Mar 2014,Growth Investment,100,221.7314487632509,NO
ADANIPORTS,Mar 2015,Growth Investment,100,81.28884527314361,NO
ADANIPORTS,Mar 2016,Growth Investment,100,174.422511549769,NO
ADANIPORTS,Mar 2017,Growth Investment,100,64.70588235294117,NO
ADANIPORTS,Mar 2018,Growth Investment,100,68.58059914407988,NO
ADANIPORTS,Mar 2019,Growth Investment,100,72.4498258417648,NO
ADANIPORTS,Mar 2020,Growth Investment,100,10.11888678735477,NO
ADANIPORTS,Mar 2021,Growth Investment,100,186.1302276336686,NO
ADANIPORTS,Mar 2022,Growth Investment,100,52.71593090211133,NO
ADANIPORTS,Mar 2023,Growth Investment,100,140.4705882352941,NO
ADANIPORTS,Mar 2024,Growth Investment,100,45.06592089492609,NO
ADANIPOWER,Mar 2013,Growth Investment,100,135.4215261579474,NO
ADANIPOWER,Mar 2014,Growth Investment,100,145.1513279802347,NO
ADANIPOWER,Mar 2015,Growth Investment,100,81.33585164835165,NO
ADANIPOWER,Mar 2016,Growth Investment,100,51.20791325851246,NO
ADANIPOWER,Mar 2017,Growth Investment,100,25.65079365079365,NO
ADANIPOWER,Mar 2018,Growth Investment,100,10.19407959223682,NO
ADANIPOWER,Mar 2019,Growth Investment,100,17.54010695187166,NO
ADANIPOWER,Mar 2020,Growth Investment,100,41.15755627009646,NO
ADANIPOWER,Mar 2021,Growth Investment,100,31.19475335044197,NO
ADANIPOWER,Mar 2022,Stable,100,7.563764291996482,NO
ADANIPOWER,Mar 2023,Stable,100,18.32522832404223,NO
ADANIPOWER,Mar 2024,Stable,100,24.56598447424136,NO
AMBUJACEM,Dec 2012,Growth Investment,100,20.86021505376344,NO
AMBUJACEM,Dec 2013,Growth Investment,100,39.14759273875296,NO
AMBUJACEM,Dec 2014,Growth Investment,100,27.22388059701493,NO
AMBUJACEM,Dec 2015,Growth Investment,100,5.330764290301863,NO
AMBUJACEM,Dec 2016,Growth Investment,100,148.220640569395,NO
AMBUJACEM,Dec 2017,Growth Investment,100,21.60421545667447,NO
AMBUJACEM,Dec 2018,Growth Investment,100,44.92072812683499,NO
AMBUJACEM,Dec 2019,Growth Investment,100,25.13188436378983,NO
AMBUJACEM,Dec 2020,Growth Investment,100,27.25579470198676,NO
AMBUJACEM,Dec 2021,Growth Investment,100,37.80372951591637,NO
AMBUJACEM,Mar 2023,Growth Investment,100,1970.204081632653,NO
AMBUJACEM,Mar 2024,Growth Investment,100,158.3599008147361,NO
APOLLOHOSP,Mar 2013,Growth Investment,100,165.4627539503386,NO
APOLLOHOSP,Mar 2014,Growth Investment,100,95.44235924932975,NO
APOLLOHOSP,Mar 2015,Growth Investment,100,161.4893617021277,NO
APOLLOHOSP,Mar 2016,Growth Investment,100,148.7437185929648,NO
APOLLOHOSP,Mar 2017,Growth Investment,100,184.9117174959871,NO
APOLLOHOSP,Mar 2018,Growth Investment,100,75.41899441340783,NO
APOLLOHOSP,Mar 2019,Growth Investment,100,78.56353591160222,NO
APOLLOHOSP,Mar 2020,Growth Investment,100,22.35112142304718,NO
APOLLOHOSP,Mar 2021,Growth Investment,100,69.56521739130434,NO
APOLLOHOSP,Mar 2022,Growth Investment,100,44.04481132075472,NO
APOLLOHOSP,Mar 2023,Growth Investment,100,62.23674655047204,NO
APOLLOHOSP,Mar 2024,Growth Investment,100,80.05208333333333,NO
ASIANPAINT,Mar 2013,Growth Investment,100,39.00589721988206,NO
ASIANPAINT,Mar 2013,Growth Investment,100,39.00589721988206,NO
ASIANPAINT,Mar 2013,Growth Investment,100,39.00589721988206,NO
ASIANPAINT,Mar 2013,Growth Investment,100,39.00589721988206,NO
ASIANPAINT,Mar 2014,Growth Investment,100,41.79743223965763,NO
ASIANPAINT,Mar 2014,Growth Investment,100,41.79743223965763,NO
ASIANPAINT,Mar 2014,Growth Investment,100,41.79743223965763,NO
ASIANPAINT,Mar 2014,Growth Investment,100,41.79743223965763,NO
ASIANPAINT,Mar 2015,Growth Investment,100,39.14141414141415,NO
ASIANPAINT,Mar 2015,Growth Investment,100,39.14141414141415,NO
ASIANPAINT,Mar 2015,Growth Investment,100,39.14141414141415,NO
ASIANPAINT,Mar 2015,Growth Investment,100,39.14141414141415,NO
ASIANPAINT,Mar 2016,Growth Investment,100,38.60900579580918,NO
ASIANPAINT,Mar 2016,Growth Investment,100,38.60900579580918,NO
ASIANPAINT,Mar 2016,Growth Investment,100,38.60900579580918,NO
ASIANPAINT,Mar 2016,Growth Investment,100,38.60900579580918,NO
ASIANPAINT,Mar 2017,Growth Investment,100,44.59724950884086,NO
ASIANPAINT,Mar 2017,Growth Investment,100,44.59724950884086,NO
ASIANPAINT,Mar 2017,Growth Investment,100,44.59724950884086,NO
ASIANPAINT,Mar 2017,Growth Investment,100,44.59724950884086,NO
ASIANPAINT,Mar 2018,Growth Investment,100,73.63937529578799,NO
ASIANPAINT,Mar 2018,Growth Investment,100,73.63937529578799,NO
ASIANPAINT,Mar 2018,Growth Investment,100,73.63937529578799,NO
ASIANPAINT,Mar 2018,Growth Investment,100,73.63937529578799,NO
ASIANPAINT,Mar 2019,Growth Investment,100,37.16599190283401,NO
ASIANPAINT,Mar 2019,Growth Investment,100,37.16599190283401,NO
ASIANPAINT,Mar 2019,Growth Investment,100,37.16599190283401,NO
ASIANPAINT,Mar 2019,Growth Investment,100,37.16599190283401,NO
ASIANPAINT,Mar 2020,Growth Investment,100,17.05069124423963,NO
ASIANPAINT,Mar 2020,Growth Investment,100,17.05069124423963,NO
ASIANPAINT,Mar 2020,Growth Investment,100,17.05069124423963,NO
ASIANPAINT,Mar 2020,Growth Investment,100,17.05069124423963,NO
ASIANPAINT,Mar 2021,Growth Investment,100,14.68911213684497,NO
ASIANPAINT,Mar 2021,Growth Investment,100,14.68911213684497,NO
ASIANPAINT,Mar 2021,Growth Investment,100,14.68911213684497,NO
ASIANPAINT,Mar 2021,Growth Investment,100,14.68911213684497,NO
ASIANPAINT,Mar 2022,Growth Investment,100,32.1501014198783,NO
ASIANPAINT,Mar 2022,Growth Investment,100,32.1501014198783,NO
ASIANPAINT,Mar 2022,Growth Investment,100,32.1501014198783,NO
ASIANPAINT,Mar 2022,Growth Investment,100,32.1501014198783,NO
ASIANPAINT,Mar 2023,Growth Investment,100,30.57476746959218,NO
ASIANPAINT,Mar 2023,Growth Investment,100,30.57476746959218,NO
ASIANPAINT,Mar 2023,Growth Investment,100,30.57476746959218,NO
ASIANPAINT,Mar 2023,Growth Investment,100,30.57476746959218,NO
ASIANPAINT,Mar 2024,Growth Investment,100,41.74311926605505,NO
ASIANPAINT,Mar 2024,Growth Investment,100,41.74311926605505,NO
ASIANPAINT,Mar 2024,Growth Investment,100,41.74311926605505,NO
ASIANPAINT,Mar 2024,Growth Investment,100,41.74311926605505,NO
AGTL,Mar 2018,Growth Investment,100,356.6787003610108,NO
AGTL,Mar 2019,Stable,100,222.191011235955,NO
AGTL,Mar 2020,Growth Investment,100,93.69918699186992,NO
AGTL,Mar 2021,Growth Investment,100,117.737003058104,NO
AGTL,Mar 2022,Growth Investment,100,154.7814207650273,NO
AGTL,Mar 2023,Growth Investment,100,136.8112543962485,NO
AGTL,Mar 2024,Growth Investment,100,78.7434554973822,NO
AXISBANK,Mar 2013,Growth Investment,100,425.1457442673922,NO
AXISBANK,Mar 2014,Growth Investment,100,97.93971238938053,NO
AXISBANK,Mar 2015,Financial Stress,40,52.57881545970189,NO
AXISBANK,Mar 2016,Financial Stress,40,26.70242064067256,YES
AXISBANK,Mar 2017,Growth Investment,100,38.67863019652892,NO
AXISBANK,Mar 2018,Financial Stress,40,26.06668403230008,YES
AXISBANK,Mar 2019,Growth Investment,100,50.3003367003367,NO
AXISBANK,Mar 2020,Growth Investment,100,31.18424513413992,NO
AXISBANK,Mar 2021,Growth Investment,100,429.7316551887913,NO
AXISBANK,Mar 2022,Growth Investment,100,96.35710985535061,NO
AXISBANK,Mar 2023,Growth Investment,100,146.5503963759909,NO
AXISBANK,Mar 2024,Financial Stress,40,162.034203420342,NO
BAJAJ-AUTO,Mar 2013,Growth Investment,100,62.84941388638413,NO
BAJAJ-AUTO,Mar 2014,Growth Investment,100,59.16619074814392,NO
BAJAJ-AUTO,Mar 2015,Growth Investment,100,17.97540208136235,NO
BAJAJ-AUTO,Mar 2016,Growth Investment,100,1.842818428184282,NO
BAJAJ-AUTO,Mar 2017,Growth Investment,100,110.4989286807469,NO
BAJAJ-AUTO,Mar 2018,Growth Investment,100,45.14787430683919,NO
BAJAJ-AUTO,Mar 2019,Growth Investment,100,10.97708082026538,NO
BAJAJ-AUTO,Mar 2020,Stable,100,45.87012987012987,NO
BAJAJ-AUTO,Mar 2021,Growth Investment,100,91.9551282051282,NO
BAJAJ-AUTO,Mar 2022,Stable,100,6.576125804145819,NO
BAJAJ-AUTO,Mar 2023,Stable,100,22.94864506348304,NO
BAJAJ-AUTO,Mar 2024,Growth Investment,100,1.097895699908509,NO
BAJAJ-AUTO,Mar 2013,Growth Investment,100,62.84941388638413,NO
BAJAJ-AUTO,Mar 2014,Growth Investment,100,59.16619074814392,NO
BAJAJ-AUTO,Mar 2015,Growth Investment,100,17.97540208136235,NO
BAJAJ-AUTO,Mar 2016,Growth Investment,100,1.842818428184282,NO
BAJAJ-AUTO,Mar 2017,Growth Investment,100,110.4989286807469,NO
BAJAJ-AUTO,Mar 2018,Growth Investment,100,45.14787430683919,NO
BAJAJ-AUTO,Mar 2019,Growth Investment,100,10.97708082026538,NO
BAJAJ-AUTO,Mar 2020,Stable,100,45.87012987012987,NO
BAJAJ-AUTO,Mar 2021,Growth Investment,100,91.9551282051282,NO
BAJAJ-AUTO,Mar 2022,Stable,100,6.576125804145819,NO
BAJAJ-AUTO,Mar 2023,Stable,100,22.94864506348304,NO
BAJAJ-AUTO,Mar 2024,Growth Investment,100,1.097895699908509,NO
BAJAJFINSV,Mar 2013,Financial Stress,40,42.66108061253973,NO
BAJAJFINSV,Mar 2014,Financial Stress,40,38.38074844498827,NO
BAJAJFINSV,Mar 2015,Financial Stress,40,34.56341440685863,YES
BAJAJFINSV,Mar 2016,Financial Stress,40,9.045431342521695,NO
BAJAJFINSV,Mar 2017,Financial Stress,40,1.382530672038088,NO
BAJAJFINSV,Mar 2018,Financial Stress,40,4.708886618998979,YES
BAJAJFINSV,Mar 2019,Financial Stress,40,25.49490323533757,NO
BAJAJFINSV,Mar 2020,Financial Stress,40,42.56921562754076,NO
BAJAJFINSV,Mar 2021,Growth Investment,100,81.02045304596437,NO
BAJAJFINSV,Mar 2022,Financial Stress,40,4.291654291654292,NO
BAJAJFINSV,Mar 2023,Financial Stress,40,35.32168186423505,YES
BAJAJFINSV,Mar 2024,Financial Stress,40,15.95946064012581,NO
BAJAJHLDNG,Mar 2013,Growth Investment,100,78.01268498942918,NO
BAJAJHLDNG,Mar 2014,Growth Investment,100,59.51834862385321,NO
BAJAJHLDNG,Mar 2015,Growth Investment,100,58.29145728643216,NO
BAJAJHLDNG,Mar 2016,Stable,100,88.8404533565824,NO
BAJAJHLDNG,Mar 2017,Stable,40,40.30335861321777,YES
BAJAJHLDNG,Mar 2018,Growth Investment,100,68.8534641324341,NO
BAJAJHLDNG,Mar 2019,Growth Investment,100,25.95541401273885,NO
BAJAJHLDNG,Mar 2020,Growth Investment,100,41.66666666666667,NO
BAJAJHLDNG,Mar 2021,Growth Investment,100,113.2352941176471,NO
BAJAJHLDNG,Mar 2022,Growth Investment,100,9.378881987577639,NO
BAJAJHLDNG,Mar 2023,Growth Investment,100,7.928240740740741,NO
BAJAJHLDNG,Mar 2024,Growth Investment,100,24.31736218444101,NO
BAJFINANCE,Mar 2015,Financial Stress,40,5.096262740656852,YES
BAJFINANCE,Mar 2016,Financial Stress,40,6.96048632218845,NO
BAJFINANCE,Mar 2017,Financial Stress,40,29.1886195995785,YES
BAJFINANCE,Mar 2018,Financial Stress,40,5.227073811144608,NO
BAJFINANCE,Mar 2019,Financial Stress,40,18.50870552611658,NO
BAJFINANCE,Mar 2020,Financial Stress,40,35.87579878748156,NO
BAJFINANCE,Mar 2021,Financial Stress,40,53.15985130111525,NO
BAJFINANCE,Mar 2022,Financial Stress,40,17.11242922620652,NO
BAJFINANCE,Mar 2023,Financial Stress,40,24.6818009118541,YES
BAJFINANCE,Mar 2024,Financial Stress,40,9.855689939527213,NO
BANKBARODA,Mar 2013,Growth Investment,100,2.215899292981548,NO
BANKBARODA,Mar 2014,Growth Investment,100,1.728506144484171,NO
BANKBARODA,Mar 2015,Growth Investment,100,3.116941361139141,NO
BANKBARODA,Mar 2016,Stable,40,40.00599340725202,YES
BANKBARODA,Mar 2017,Growth Investment,100,3.084242933109432,NO
BANKBARODA,Mar 2018,Financial Stress,40,0.6935602760838974,YES
BANKBARODA,Mar 2019,Financial Stress,40,175.0862663906142,NO
BANKBARODA,Mar 2020,Growth Investment,100,0.7500944363499001,NO
BANKBARODA,Mar 2021,Stable,40,53.10033821871477,YES
BANKBARODA,Mar 2022,Growth Investment,100,58.69565217391305,NO
BANKBARODA,Mar 2023,Stable,40,5.132527863632107,YES
BANKBARODA,Mar 2024,Financial Stress,40,20.4813516098183,YES
BEL,Mar 2013,Stable,40,113.9051332033788,NO
BEL,Mar 2014,Stable,40,133.3919156414763,YES
BEL,Mar 2015,Growth Investment,100,58.50767085076709,NO
BEL,Mar 2016,Growth Investment,100,65.04424778761062,NO
BEL,Mar 2017,Stable,40,5106.55737704918,NO
BEL,Mar 2018,Stable,40,0.8733624454148471,YES
BEL,Mar 2019,Growth Investment,100,59.18097754293263,NO
BEL,Mar 2020,Growth Investment,100,25.25291828793774,NO
BEL,Mar 2021,Growth Investment,100,50.95228745336736,NO
BEL,Mar 2022,Growth Investment,100,115.8069883527454,NO
BEL,Mar 2023,Stable,100,225.8548790658883,NO
BEL,Mar 2024,Growth Investment,100,127.1517493024254,NO
BHARTIARTL,Mar 2013,Growth Investment,100,82.60792639773531,NO
BHARTIARTL,Mar 2014,Growth Investment,100,95.98978386002364,NO
BHARTIARTL,Mar 2015,Growth Investment,100,79.47895505898286,NO
BHARTIARTL,Mar 2016,Growth Investment,100,50.42946102641185,NO
BHARTIARTL,Mar 2017,Growth Investment,100,108.4865629420085,NO
BHARTIARTL,Mar 2018,Growth Investment,100,93.58879882092852,NO
BHARTIARTL,Mar 2019,Growth Investment,100,140.9367214748381,NO
BHARTIARTL,Mar 2020,Growth Investment,100,163.2632798279,NO
BHARTIARTL,Mar 2021,Growth Investment,100,56.60408671299658,NO
BHARTIARTL,Mar 2022,Growth Investment,100,75.39124270679972,NO
BHARTIARTL,Mar 2023,Growth Investment,100,60.0566398775354,NO
BHARTIARTL,Mar 2024,Growth Investment,100,64.75322568379427,NO
BHEL,Mar 2013,Growth Investment,100,63.27458783399658,NO
BHEL,Mar 2014,Growth Investment,100,19.23758865248227,NO
BHEL,Mar 2015,Stable,100,79.17174177831913,NO
BHEL,Mar 2016,Stable,100,6.149732620320856,NO
BHEL,Mar 2017,Growth Investment,100,100.8928571428571,NO
BHEL,Mar 2018,Stable,100,97.16885743174925,NO
BHEL,Mar 2019,Stable,40,49.71502590673575,YES
BHEL,Mar 2020,Financial Stress,40,64.90318118948825,NO
BHEL,Mar 2021,Growth Investment,100,7.5,NO
BHEL,Mar 2022,Growth Investment,100,169.3939393939394,NO
BHEL,Mar 2023,Financial Stress,40,199.7300944669366,NO
BHEL,Mar 2024,Financial Stress,40,35.84702396983571,NO
BOSCHLTD,Dec 2012,Growth Investment,100,94.60390355912745,NO
BOSCHLTD,Dec 2013,Growth Investment,100,80.03784295175024,NO
BOSCHLTD,Mar 2015,Growth Investment,100,84.74212034383955,NO
BOSCHLTD,Mar 2016,Growth Investment,100,75.49317147192717,NO
BOSCHLTD,Mar 2017,Stable,100,85.51818805765271,NO
BOSCHLTD,Mar 2018,Growth Investment,100,67.66917293233082,NO
BOSCHLTD,Mar 2019,Stable,100,297.8077571669477,NO
BOSCHLTD,Mar 2020,Growth Investment,100,65.34431137724552,NO
BOSCHLTD,Mar 2021,Growth Investment,100,55.44910179640718,NO
BOSCHLTD,Mar 2022,Growth Investment,100,12.17712177121771,NO
BOSCHLTD,Mar 2023,Stable,100,21.58154859967051,NO
BOSCHLTD,Mar 2024,Stable,100,22.58579409417398,NO
BPCL,Mar 2013,Growth Investment,100,60.81673979075261,NO
BPCL,Mar 2014,Growth Investment,100,71.76679182311221,NO
BPCL,Mar 2015,Growth Investment,100,50.79548741683541,NO
BPCL,Mar 2016,Growth Investment,100,83.03804298947746,NO
BPCL,Mar 2017,Growth Investment,100,168.9414887733658,NO
BPCL,Mar 2018,Growth Investment,100,63.84170581857608,NO
BPCL,Mar 2019,Growth Investment,100,102.89455547898,NO
BPCL,Mar 2020,Growth Investment,100,141.2891765004441,NO
BPCL,Mar 2021,Growth Investment,100,10.54785759965892,NO
BPCL,Mar 2022,Growth Investment,100,40.01770259638081,NO
BPCL,Mar 2023,Growth Investment,100,62.61832183539227,NO
BPCL,Mar 2024,Growth Investment,100,29.27704808548531,NO
BRITANNIA,Mar 2013,Stable,100,8.75,NO
BRITANNIA,Mar 2014,Growth Investment,100,36.66169895678092,NO
BRITANNIA,Mar 2015,Growth Investment,100,77.05479452054794,NO
BRITANNIA,Mar 2016,Growth Investment,100,73.5140771637122,NO
BRITANNIA,Mar 2017,Growth Investment,100,34.01360544217687,NO
BRITANNIA,Mar 2018,Growth Investment,100,76.62129703763011,NO
BRITANNIA,Mar 2019,Growth Investment,100,73.70242214532871,NO
BRITANNIA,Mar 2020,Growth Investment,100,102.7609427609428,NO
BRITANNIA,Mar 2021,Stable,100,23.08102345415778,NO
BRITANNIA,Mar 2022,Stable,100,70.3076923076923,NO
BRITANNIA,Mar 2023,Growth Investment,100,59.65954077593032,NO
BRITANNIA,Mar 2024,Stable,100,18.53867081228138,NO
CANBK,Mar 2013,Growth Investment,100,5.430711610486892,NO
CANBK,Mar 2014,Growth Investment,100,2.667789946644201,NO
CANBK,Mar 2015,Growth Investment,100,17.40226986128625,NO
CANBK,Mar 2016,Growth Investment,100,4.739995720094158,NO
CANBK,Mar 2017,Growth Investment,100,18.48543689320388,NO
CANBK,Mar 2018,Financial Stress,40,4.379496402877698,YES
CANBK,Mar 2019,Growth Investment,100,4.085101716291057,NO
CANBK,Mar 2020,Financial Stress,40,8.413688788050672,NO
CANBK,Mar 2021,Growth Investment,100,1.887749923881052,NO
CANBK,Mar 2022,Growth Investment,100,155.4951033732318,NO
CANBK,Mar 2023,Financial Stress,40,2.891590374706089,YES
CANBK,Mar 2024,Growth Investment,100,11.63099827196597,NO
CHOLAFIN,Mar 2013,Financial Stress,40,0.13319126265317,NO
CHOLAFIN,Mar 2014,Financial Stress,40,3.391908459337964,NO
CHOLAFIN,Mar 2015,Financial Stress,40,1.76678445229682,YES
CHOLAFIN,Mar 2016,Financial Stress,40,4.877180491278034,NO
CHOLAFIN,Mar 2017,Financial Stress,40,15.12261580381472,NO
CHOLAFIN,Mar 2018,Financial Stress,40,0.757002271006813,NO
CHOLAFIN,Mar 2019,Financial Stress,40,0.1180637544273908,NO
CHOLAFIN,Mar 2020,Financial Stress,40,2.602409638554217,NO
CHOLAFIN,Mar 2021,Financial Stress,40,19.73327305605786,YES
CHOLAFIN,Mar 2022,Financial Stress,40,29.4381619098905,NO
CHOLAFIN,Mar 2023,Financial Stress,40,7.924737133370227,YES
CHOLAFIN,Mar 2024,Financial Stress,40,8.001008883782193,YES
CIPLA,Mar 2013,Growth Investment,100,147.5679542203147,NO
CIPLA,Mar 2014,Growth Investment,100,80.93410108765195,NO
CIPLA,Mar 2015,Growth Investment,100,80.98891730605285,NO
CIPLA,Mar 2016,Growth Investment,100,260.3676048248133,NO
CIPLA,Mar 2017,Growth Investment,100,54.74391267842149,NO
CIPLA,Mar 2018,Growth Investment,100,57.00615174299385,NO
CIPLA,Mar 2019,Growth Investment,100,99.82259018332348,NO
CIPLA,Mar 2020,Stable,100,3.715775749674054,NO
CIPLA,Mar 2021,Growth Investment,100,63.22237017310253,NO
CIPLA,Mar 2022,Growth Investment,100,55.86289837642814,NO
CIPLA,Mar 2023,Growth Investment,100,73.3786287831995,NO
CIPLA,Mar 2024,Growth Investment,100,72.13352685050798,NO
COALINDIA,Mar 2013,Growth Investment,100,20.12295531891536,NO
COALINDIA,Mar 2014,Stable,100,59.07056798623064,NO
COALINDIA,Mar 2015,Stable,100,6.21610346266166,NO
COALINDIA,Mar 2016,Stable,100,61.98874866960621,NO
COALINDIA,Mar 2017,Stable,100,2.764109106372639,NO
COALINDIA,Mar 2018,Growth Investment,100,36.689557186834,NO
COALINDIA,Mar 2019,Growth Investment,100,48.27586206896552,NO
COALINDIA,Mar 2020,Stable,100,20.75547518585493,NO
COALINDIA,Mar 2021,Stable,100,1.718277945619335,NO
COALINDIA,Mar 2022,Growth Investment,100,62.55625562556255,NO
COALINDIA,Mar 2023,Growth Investment,100,65.66575250461744,NO
COALINDIA,Mar 2024,Growth Investment,100,24.78042313428714,NO
DABUR,Mar 2013,Growth Investment,100,71.49425287356321,NO
DABUR,Mar 2014,Growth Investment,100,9.47176684881603,NO
DABUR,Mar 2015,Growth Investment,100,83.66762177650429,NO
DABUR,Mar 2016,Growth Investment,100,61.49957877000843,NO
DABUR,Mar 2017,Growth Investment,100,65.77017114914425,NO
DABUR,Mar 2018,Growth Investment,100,49.54212454212454,NO
DABUR,Mar 2019,Stable,100,22.54836557705137,NO
DABUR,Mar 2020,Growth Investment,100,32.03221809169764,NO
DABUR,Mar 2021,Growth Investment,100,66.38297872340425,NO
DABUR,Mar 2022,Growth Investment,100,70.64372918978913,NO
DABUR,Mar 2023,Growth Investment,100,39.18010752688172,NO
DABUR,Mar 2024,Growth Investment,100,48.23646299056135,NO
DIVISLAB,Mar 2013,Growth Investment,100,53.125,NO
DIVISLAB,Mar 2014,Growth Investment,100,54.7576301615799,NO
DIVISLAB,Mar 2015,Growth Investment,100,63.07506053268766,NO
DIVISLAB,Mar 2016,Growth Investment,100,39.11368015414259,NO
DIVISLAB,Mar 2017,Growth Investment,100,99.1304347826087,NO
DIVISLAB,Mar 2018,Growth Investment,100,61.5979381443299,NO
DIVISLAB,Mar 2019,Growth Investment,100,71.80293501048219,NO
DIVISLAB,Mar 2020,Growth Investment,100,6.825657894736842,NO
DIVISLAB,Mar 2021,Stable,100,3.852080123266564,NO
DIVISLAB,Mar 2022,Growth Investment,100,114.8012552301255,NO
DIVISLAB,Mar 2023,Growth Investment,100,110.0854005693371,NO
DIVISLAB,Mar 2024,Growth Investment,100,21.33227597145123,NO
DLF,Mar 2013,Stable,100,99.30313588850174,NO
DLF,Mar 2014,Stable,100,267.3024523160763,NO
DLF,Mar 2015,Stable,100,4.810996563573884,NO
DLF,Mar 2016,Growth Investment,100,27.66317213391951,NO
DLF,Mar 2017,Financial Stress,40,97.10467706013362,NO
DLF,Mar 2018,Growth Investment,100,778.5185185185185,NO
DLF,Mar 2019,Stable,100,0.1468428781204112,NO
DLF,Mar 2020,Stable,100,1828.089887640449,NO
DLF,Mar 2021,Stable,100,10.27397260273973,NO
DLF,Mar 2022,Stable,100,9.427966101694915,NO
DLF,Mar 2023,Growth Investment,100,19.41052631578947,NO
DLF,Mar 2024,Growth Investment,100,60.22055927530524,NO
DMART,Mar 2013,Growth Investment,100,181.8897637795276,NO
DMART,Mar 2014,Growth Investment,100,136.3636363636363,NO
DMART,Mar 2015,Growth Investment,100,213.5135135135135,NO
DMART,Mar 2016,Growth Investment,100,146.189376443418,NO
DMART,Mar 2017,Growth Investment,100,545.4945054945055,NO
DMART,Mar 2018,Stable,100,63.56164383561644,NO
DMART,Mar 2019,Growth Investment,100,118.7112763320942,NO
DMART,Mar 2020,Growth Investment,100,363.828125,NO
DMART,Mar 2021,Growth Investment,100,80.72727272727272,NO
DMART,Mar 2022,Growth Investment,100,93.95043731778425,NO
DMART,Mar 2023,Growth Investment,100,87.9467680608365,NO
DMART,Mar 2024,Growth Investment,100,89.8761835396941,NO
DRREDDY,Mar 2013,Growth Investment,100,104.2815674891147,NO
DRREDDY,Mar 2014,Growth Investment,100,81.42131979695432,NO
DRREDDY,Mar 2015,Growth Investment,100,93.89857369255151,NO
DRREDDY,Mar 2016,Growth Investment,100,49.34109714986209,NO
DRREDDY,Mar 2017,Growth Investment,100,88.15298507462687,NO
DRREDDY,Mar 2018,Growth Investment,100,82.25180255130338,NO
DRREDDY,Mar 2019,Growth Investment,100,26.79442508710801,NO
DRREDDY,Mar 2020,Growth Investment,100,16.58847184986595,NO
DRREDDY,Mar 2021,Growth Investment,100,63.16526610644257,NO
DRREDDY,Mar 2022,Growth Investment,100,91.2486659551761,NO
DRREDDY,Mar 2023,Growth Investment,100,69.78600543478261,NO
DRREDDY,Mar 2024,Growth Investment,100,88.79594981289897,NO
EICHERMOT,Dec 2012,Growth Investment,100,155.8467741935484,NO
EICHERMOT,Dec 2013,Growth Investment,100,110.3351955307263,NO
EICHERMOT,Dec 2014,Growth Investment,100,115.9503342884432,NO
EICHERMOT,Mar 2016,Growth Investment,100,68.42105263157895,NO
EICHERMOT,Mar 2017,Growth Investment,100,102.1077283372365,NO
EICHERMOT,Mar 2018,Growth Investment,100,86.42224012892828,NO
EICHERMOT,Mar 2019,Growth Investment,100,41.90476190476191,NO
EICHERMOT,Mar 2020,Growth Investment,100,89.02007083825265,NO
EICHERMOT,Mar 2021,Growth Investment,100,96.0969840331165,NO
EICHERMOT,Mar 2022,Growth Investment,100,64.37459070072038,NO
EICHERMOT,Mar 2023,Growth Investment,100,84.9096705632306,NO
EICHERMOT,Mar 2024,Growth Investment,100,76.10096670247046,NO
GAIL,Mar 2013,Growth Investment,100,130.6375889747085,NO
GAIL,Mar 2014,Growth Investment,100,96.77139761646804,NO
GAIL,Mar 2015,Growth Investment,100,66.65875652586615,NO
GAIL,Mar 2016,Growth Investment,100,22.82828282828283,NO
GAIL,Mar 2017,Growth Investment,100,5.544488711819389,NO
GAIL,Mar 2018,Growth Investment,100,30.33413159995438,NO
GAIL,Mar 2019,Growth Investment,100,71.40531062124249,NO
GAIL,Mar 2020,Growth Investment,100,99.44877171959257,NO
GAIL,Mar 2021,Growth Investment,100,51.59568553319248,NO
GAIL,Mar 2022,Growth Investment,100,58.28025477707006,NO
GAIL,Mar 2023,Growth Investment,100,232.5429017160686,NO
GAIL,Mar 2024,Growth Investment,100,65.35833465755601,NO
GODREJCP,Mar 2013,Growth Investment,100,105.4878048780488,NO
GODREJCP,Mar 2014,Growth Investment,100,44.2652329749104,NO
GODREJCP,Mar 2015,Growth Investment,100,120.350535540409,NO
GODREJCP,Mar 2016,Growth Investment,100,73.43565525383707,NO
GODREJCP,Mar 2017,Growth Investment,100,120.5913978494624,NO
GODREJCP,Mar 2018,Growth Investment,100,19.50087057457922,NO
GODREJCP,Mar 2019,Stable,100,15.84731058415269,NO
GODREJCP,Mar 2020,Growth Investment,100,34.76070528967254,NO
GODREJCP,Mar 2021,Growth Investment,100,14.38423645320197,NO
GODREJCP,Mar 2022,Growth Investment,100,58.16678152997932,NO
GODREJCP,Mar 2023,Growth Investment,100,81.54346815434683,NO
GODREJCP,Mar 2024,Growth Investment,100,165.9420289855072,NO
GRASIM,Mar 2013,Growth Investment,100,134.0641206977841,NO
GRASIM,Mar 2014,Growth Investment,100,65.82135812905044,NO
GRASIM,Mar 2015,Growth Investment,100,51.34958641706574,NO
GRASIM,Mar 2016,Growth Investment,100,76.94274028629857,NO
GRASIM,Mar 2017,Growth Investment,100,48.14763995609221,NO
GRASIM,Mar 2018,Financial Stress,40,37.34299516908213,NO
GRASIM,Mar 2019,Financial Stress,40,133.3333333333333,NO
GRASIM,Mar 2020,Growth Investment,100,68.3754512635379,NO
GRASIM,Mar 2021,Growth Investment,100,47.40298507462686,NO
GRASIM,Mar 2022,Growth Investment,100,14.9616368286445,NO
GRASIM,Mar 2023,Financial Stress,40,108.0961765865195,NO
GRASIM,Mar 2024,Financial Stress,40,215.6357869204217,NO
HAL,Mar 2017,Stable,40,714.1843971631206,NO
HAL,Mar 2018,Stable,40,80.92643051771117,YES
HAL,Mar 2019,Financial Stress,40,68.78086820899402,YES
HAL,Mar 2020,Growth Investment,100,86.79245283018868,NO
HAL,Mar 2021,Growth Investment,100,7.86828881248347,NO
HAL,Mar 2022,Growth Investment,100,125.6286836935167,NO
HAL,Mar 2023,Growth Investment,100,64.8936170212766,NO
HAL,Mar 2024,Growth Investment,100,77.94796985168976,NO
HAVELLS,Mar 2013,Growth Investment,100,22.5705329153605,NO
HAVELLS,Mar 2014,Growth Investment,100,43.31797235023041,NO
HAVELLS,Mar 2015,Growth Investment,100,50.36344755970924,NO
HAVELLS,Mar 2016,Growth Investment,100,23.58674463937622,NO
HAVELLS,Mar 2017,Growth Investment,100,28.6831812255541,NO
HAVELLS,Mar 2018,Growth Investment,100,86.0,NO
HAVELLS,Mar 2019,Stable,100,36.92614770459082,NO
HAVELLS,Mar 2020,Growth Investment,100,66.26360338573156,NO
HAVELLS,Mar 2021,Growth Investment,100,115.6060606060606,NO
HAVELLS,Mar 2022,Growth Investment,100,43.92361111111111,NO
HAVELLS,Mar 2023,Stable,100,5.486725663716814,NO
HAVELLS,Mar 2024,Growth Investment,100,82.84690220174092,NO
HCLTECH,Jun 2013,Growth Investment,100,52.56010685663401,NO
HCLTECH,Jun 2014,Growth Investment,100,74.98838469877653,NO
HCLTECH,Jun 2015,Growth Investment,100,37.69633507853403,NO
HCLTECH,Mar 2016,Growth Investment,100,57.75568924928067,NO
HCLTECH,Mar 2017,Growth Investment,100,43.24624791550862,NO
HCLTECH,Mar 2018,Growth Investment,100,26.84918347742556,NO
HCLTECH,Mar 2019,Growth Investment,100,36.29472745513321,NO
HCLTECH,Mar 2020,Growth Investment,100,92.31229882476232,NO
HCLTECH,Mar 2021,Growth Investment,100,28.87654195126924,NO
HCLTECH,Mar 2022,Stable,100,9.449704142011834,NO
HCLTECH,Mar 2023,Growth Investment,100,19.84007996001999,NO
HCLTECH,Mar 2024,Growth Investment,100,29.43692088382038,NO
HDFCBANK,Mar 2013,Financial Stress,40,15.42671455447238,NO
HDFCBANK,Mar 2014,Growth Investment,100,26.09831393968178,NO
HDFCBANK,Mar 2015,Financial Stress,40,3.759221841078897,YES
HDFCBANK,Mar 2016,Financial Stress,40,2.430666473065195,NO
HDFCBANK,Mar 2017,Growth Investment,100,6.631176947112603,NO
HDFCBANK,Mar 2018,Growth Investment,100,4.891367491576624,NO
HDFCBANK,Mar 2019,Financial Stress,40,2.390571319506298,YES
HDFCBANK,Mar 2020,Financial Stress,40,8.317031240737448,NO
HDFCBANK,Mar 2021,Growth Investment,100,4.291835389396366,NO
HDFCBANK,Mar 2022,Financial Stress,40,17.14882943143813,NO
HDFCBANK,Mar 2023,Growth Investment,100,14.37493994426828,NO
HDFCBANK,Mar 2024,Stable,100,87.05228381142169,NO
HDFCLIFE,Mar 2013,Stable,40,,NO
HDFCLIFE,Mar 2014,Stable,40,,NO
HDFCLIFE,Mar 2015,Growth Investment,100,78.80690737833595,NO
HDFCLIFE,Mar 2016,Growth Investment,100,69.66766309126076,NO
HDFCLIFE,Mar 2017,Growth Investment,100,83.09791332263242,NO
HDFCLIFE,Mar 2018,Growth Investment,100,65.6032052233269,NO
HDFCLIFE,Mar 2019,Growth Investment,100,103.1820024321038,NO
HDFCLIFE,Mar 2020,Growth Investment,100,105.4277206280455,NO
HDFCLIFE,Mar 2021,Growth Investment,100,92.26012573430897,NO
HDFCLIFE,Mar 2022,Growth Investment,100,13.47804139323574,NO
HDFCLIFE,Mar 2023,Growth Investment,100,146.3170129304083,NO
HDFCLIFE,Mar 2024,Growth Investment,100,126.9844230948606,NO
HEROMOTOCO,Mar 2014,Growth Investment,100,54.53931825852177,NO
HEROMOTOCO,Mar 2015,Stable,100,1.41811527904849,NO
HEROMOTOCO,Mar 2016,Growth Investment,100,61.79473401397099,NO
HEROMOTOCO,Mar 2017,Growth Investment,100,49.21387571749439,NO
HEROMOTOCO,Mar 2018,Growth Investment,100,46.25342295245208,NO
HEROMOTOCO,Mar 2019,Stable,100,125.7751937984496,NO
HEROMOTOCO,Mar 2020,Growth Investment,100,51.08735048930772,NO
HEROMOTOCO,Mar 2021,Growth Investment,100,55.6934306569343,NO
HEROMOTOCO,Mar 2022,Growth Investment,100,10.55133079847909,NO
HEROMOTOCO,Mar 2023,Growth Investment,100,16.10558530986993,NO
HEROMOTOCO,Mar 2024,Growth Investment,100,37.13183018484663,NO
HINDALCO,Mar 2013,Growth Investment,100,463.5875041988579,NO
HINDALCO,Mar 2014,Growth Investment,100,101.7471091000503,NO
HINDALCO,Mar 2015,Growth Investment,100,54.22091558168837,NO
HINDALCO,Mar 2016,Growth Investment,100,27.54962354551677,NO
HINDALCO,Mar 2017,Growth Investment,100,22.66887365019311,NO
HINDALCO,Mar 2018,Stable,100,48.93558451091943,NO
HINDALCO,Mar 2019,Growth Investment,100,45.55397845871253,NO
HINDALCO,Mar 2020,Growth Investment,100,56.70459003530797,NO
HINDALCO,Mar 2021,Growth Investment,100,146.7038068709378,NO
HINDALCO,Mar 2022,Growth Investment,100,40.22449221997862,NO
HINDALCO,Mar 2023,Growth Investment,100,39.35339441899209,NO
HINDALCO,Mar 2024,Growth Investment,100,59.30744928500167,NO
HINDUNILVR,Mar 2013,Stable,100,1.747572815533981,NO
HINDUNILVR,Mar 2014,Growth Investment,100,12.44106862231535,NO
HINDUNILVR,Mar 2015,Stable,100,4.191980558930741,NO
HINDUNILVR,Mar 2016,Growth Investment,100,6.76096859266363,NO
HINDUNILVR,Mar 2017,Growth Investment,100,22.62295081967213,NO
HINDUNILVR,Mar 2018,Growth Investment,100,17.54414919953788,NO
HINDUNILVR,Mar 2019,Growth Investment,100,7.551724137931035,NO
HINDUNILVR,Mar 2020,Stable,100,23.49468713105077,NO
HINDUNILVR,Mar 2021,Growth Investment,100,13.40172432609407,NO
HINDUNILVR,Mar 2022,Growth Investment,100,19.09814323607427,NO
HINDUNILVR,Mar 2023,Growth Investment,100,14.85336803122811,NO
HINDUNILVR,Mar 2024,Growth Investment,100,34.41722153985391,NO
ICICIBANK,Mar 2013,Growth Investment,100,106.1106665142334,NO
ICICIBANK,Mar 2014,Growth Investment,100,232.8159645232816,NO
ICICIBANK,Mar 2015,Financial Stress,40,107.3494663081561,YES
ICICIBANK,Mar 2016,Growth Investment,100,51.00444068513428,NO
ICICIBANK,Mar 2017,Growth Investment,100,3.250626947336424,NO
ICICIBANK,Mar 2018,Growth Investment,100,260.8007016457721,NO
ICICIBANK,Mar 2019,Growth Investment,100,62.21774773479074,NO
ICICIBANK,Mar 2020,Growth Investment,100,52.90642870608936,NO
ICICIBANK,Mar 2021,Growth Investment,100,46.10440894105713,NO
ICICIBANK,Mar 2022,Growth Investment,100,67.88387740703136,NO
ICICIBANK,Mar 2023,Financial Stress,40,1794.988066825776,YES
ICICIBANK,Mar 2024,Growth Investment,100,92.0227105109229,NO
ICICIGI,Mar 2013,Growth Investment,100,97.76422764227642,NO
ICICIGI,Mar 2014,Growth Investment,100,118.655462184874,NO
ICICIGI,Mar 2015,Stable,40,174.4897959183673,YES
ICICIGI,Mar 2016,Growth Investment,100,60.66536203522504,NO
ICICIGI,Mar 2017,Growth Investment,100,122.2358722358723,NO
ICICIGI,Mar 2018,Growth Investment,100,79.3305439330544,NO
ICICIGI,Mar 2019,Growth Investment,100,95.96774193548387,NO
ICICIGI,Mar 2020,Growth Investment,100,98.51441887561899,NO
ICICIGI,Mar 2021,Growth Investment,100,77.05749718151071,NO
ICICIGI,Mar 2022,Stable,100,16.68726823238566,NO
ICICIGI,Mar 2023,Growth Investment,100,73.58078602620087,NO
ICICIGI,Mar 2024,Growth Investment,100,79.8088907353552,NO
ICICIPRULI,Mar 2013,Stable,40,59.21999242711095,YES
ICICIPRULI,Mar 2014,Stable,40,252.3929471032746,NO
ICICIPRULI,Mar 2015,Growth Investment,100,348.3747609942639,NO
ICICIPRULI,Mar 2016,Stable,100,0.7429829389102918,NO
ICICIPRULI,Mar 2017,Growth Investment,100,16.85230024213075,NO
ICICIPRULI,Mar 2018,Growth Investment,100,94.71001757469244,NO
ICICIPRULI,Mar 2019,Growth Investment,100,66.44106530719873,NO
ICICIPRULI,Mar 2020,Growth Investment,100,125.6049325267566,NO
ICICIPRULI,Mar 2021,Growth Investment,100,69.51052775499042,NO
ICICIPRULI,Mar 2022,Growth Investment,100,44.56581103222283,NO
ICICIPRULI,Mar 2023,Growth Investment,100,1286.516853932584,NO
ICICIPRULI,Mar 2024,Stable,40,101.4354066985646,NO
INDIGO,Mar 2013,Growth Investment,100,108.5582998276852,NO
INDIGO,Mar 2014,Growth Investment,100,182.6959247648903,NO
INDIGO,Mar 2015,Growth Investment,100,39.42953020134228,NO
INDIGO,Mar 2016,Growth Investment,100,42.90757381258023,NO
INDIGO,Mar 2017,Growth Investment,100,80.19566367001586,NO
INDIGO,Mar 2018,Growth Investment,100,106.3797079169869,NO
INDIGO,Mar 2019,Growth Investment,100,79.9367088607595,NO
INDIGO,Mar 2020,Growth Investment,100,65.86489989917904,NO
INDIGO,Mar 2021,Stable,40,199.2592592592593,YES
INDIGO,Mar 2022,Stable,100,73.98255813953489,NO
INDIGO,Mar 2023,Growth Investment,100,31.7956388254743,NO
INDIGO,Mar 2024,Growth Investment,100,55.51149506679884,NO
INDUSINDBK,Mar 2013,Financial Stress,40,35.80246913580247,NO
INDUSINDBK,Mar 2014,Financial Stress,40,4.237700925474915,YES
INDUSINDBK,Mar 2015,Financial Stress,40,19.42294159042928,NO
INDUSINDBK,Mar 2016,Financial Stress,40,8.814485821660403,YES
INDUSINDBK,Mar 2017,Growth Investment,100,2.463479989627452,NO
INDUSINDBK,Mar 2018,Financial Stress,40,1.048309178743961,YES
INDUSINDBK,Mar 2019,Financial Stress,40,9.907653779934263,NO
INDUSINDBK,Mar 2020,Financial Stress,40,4.369133648974167,NO
INDUSINDBK,Mar 2021,Growth Investment,100,0.5062043632128298,NO
INDUSINDBK,Mar 2022,Growth Investment,100,2.114457831325301,NO
INDUSINDBK,Mar 2023,Financial Stress,40,3.545586107091172,YES
INDUSINDBK,Mar 2024,Stable,40,3.710740366918007,YES
INFY,Mar 2013,Growth Investment,100,39.63108639631086,NO
INFY,Mar 2014,Growth Investment,100,26.08651399491094,NO
INFY,Mar 2015,Stable,100,11.95977493116246,NO
INFY,Mar 2016,Growth Investment,100,8.825289190267252,NO
INFY,Mar 2017,Growth Investment,100,127.1702367531003,NO
INFY,Mar 2018,Stable,100,34.29414434861553,NO
INFY,Mar 2019,Growth Investment,100,4.258473148709656,NO
INFY,Mar 2020,Growth Investment,100,1.946715285537846,NO
INFY,Mar 2021,Growth Investment,100,31.74733034791595,NO
INFY,Mar 2022,Growth Investment,100,27.15093154699602,NO
INFY,Mar 2023,Growth Investment,100,4.766991587661904,NO
INFY,Mar 2024,Growth Investment,100,20.20230067433558,NO
IOC,Mar 2013,Growth Investment,100,99.50749464668094,NO
IOC,Mar 2014,Growth Investment,100,76.85058896466212,NO
IOC,Mar 2015,Growth Investment,100,22.16219734444155,NO
IOC,Mar 2016,Growth Investment,100,53.11426787386825,NO
IOC,Mar 2017,Growth Investment,100,62.67366033456195,NO
IOC,Mar 2018,Growth Investment,100,58.79787051348102,NO
IOC,Mar 2019,Growth Investment,100,177.0534243351377,NO
IOC,Mar 2020,Growth Investment,100,407.2348166806605,NO
IOC,Mar 2021,Growth Investment,100,46.19335347432024,NO
IOC,Mar 2022,Growth Investment,100,82.70478113955025,NO
IOC,Mar 2023,Growth Investment,100,94.55539063554176,NO
IOC,Mar 2024,Growth Investment,100,44.25378697309385,NO
IRCTC,Mar 2015,Growth Investment,100,66.66666666666666,NO
IRCTC,Mar 2016,Stable,100,2.430555555555556,NO
IRCTC,Mar 2017,Stable,100,27.81065088757396,NO
IRCTC,Mar 2018,Stable,100,166.6666666666667,NO
IRCTC,Mar 2019,Growth Investment,100,70.74148296593187,NO
IRCTC,Mar 2020,Stable,100,1.9559902200489,NO
IRCTC,Mar 2021,Growth Investment,100,182.6612903225806,NO
IRCTC,Mar 2022,Growth Investment,100,46.18320610687023,NO
IRCTC,Mar 2023,Growth Investment,100,39.03940886699507,NO
IRCTC,Mar 2024,Growth Investment,100,24.37641723356009,NO
IRFC,Mar 2016,Financial Stress,40,0.01221150323604836,NO
IRFC,Mar 2017,Financial Stress,40,0.01028013364173734,YES
IRFC,Mar 2018,Financial Stress,40,0.007123521869212139,NO
IRFC,Mar 2019,Financial Stress,40,0.002395324326913864,NO
IRFC,Mar 2020,Financial Stress,40,0.001594870895201033,YES
IRFC,Mar 2021,Financial Stress,40,0.0,NO
IRFC,Mar 2022,Financial Stress,40,0.007762528721356269,YES
IRFC,Mar 2023,Financial Stress,40,0.0,NO
IRFC,Mar 2024,Growth Investment,100,0.1010866818296689,NO
ITC,Mar 2013,Growth Investment,100,54.64657842861166,NO
ITC,Mar 2014,Growth Investment,100,44.30827886710239,NO
ITC,Mar 2015,Growth Investment,100,53.59138474042467,NO
ITC,Mar 2016,Growth Investment,100,40.01428717216042,NO
ITC,Mar 2017,Growth Investment,100,30.59188858567799,NO
ITC,Mar 2018,Growth Investment,100,54.02080643936517,NO
ITC,Mar 2019,Growth Investment,100,44.07533974409918,NO
ITC,Mar 2020,Growth Investment,100,42.0285908781484,NO
ITC,Mar 2021,Stable,100,45.82102658258162,NO
ITC,Mar 2022,Growth Investment,100,14.18610547667343,NO
ITC,Mar 2023,Growth Investment,100,30.36338595190168,NO
ITC,Mar 2024,Stable,100,9.098317713487397,NO
JINDALSTEL,Mar 2013,Growth Investment,100,272.3168654173764,NO
JINDALSTEL,Mar 2014,Growth Investment,100,277.1615720524018,NO
JINDALSTEL,Mar 2015,Growth Investment,100,568.274111675127,NO
JINDALSTEL,Mar 2016,Growth Investment,100,52.20401569351488,NO
JINDALSTEL,Mar 2017,Growth Investment,100,29.16788321167883,NO
JINDALSTEL,Mar 2018,Growth Investment,100,18.52667011910927,NO
JINDALSTEL,Mar 2019,Growth Investment,100,9.216794062257671,NO
JINDALSTEL,Mar 2020,Growth Investment,100,16.74608577263444,NO
JINDALSTEL,Mar 2021,Growth Investment,100,15.75119137195887,NO
JINDALSTEL,Mar 2022,Growth Investment,100,14.52517447657029,NO
JINDALSTEL,Mar 2023,Growth Investment,100,55.6689805362733,NO
JINDALSTEL,Mar 2024,Growth Investment,100,138.8814913448735,NO
JIOFIN,Mar 2023,Growth Investment,100,54.01459854014598,NO
JIOFIN,Mar 2024,Stable,40,212.5368731563422,NO
JSWENERGY,Mar 2013,Growth Investment,100,54.72463768115941,NO
JSWENERGY,Mar 2014,Growth Investment,100,15.99823710885853,NO
JSWENERGY,Mar 2015,Growth Investment,100,12.43370654095463,NO
JSWENERGY,Mar 2016,Growth Investment,100,92.4816280384398,NO
JSWENERGY,Mar 2017,Growth Investment,100,19.77679730080457,NO
JSWENERGY,Mar 2018,Growth Investment,100,5.465175394001017,NO
JSWENERGY,Mar 2019,Growth Investment,100,2.207948615014051,NO
JSWENERGY,Mar 2020,Stable,100,14.45725264169068,NO
JSWENERGY,Mar 2021,Growth Investment,100,27.83783783783784,NO
JSWENERGY,Mar 2022,Growth Investment,100,46.98509485094851,NO
JSWENERGY,Mar 2023,Growth Investment,100,325.2399232245681,NO
JSWENERGY,Mar 2024,Growth Investment,100,131.48861084376,NO
JSWSTEEL,Mar 2013,Growth Investment,100,92.96714579055441,NO
JSWSTEEL,Mar 2014,Growth Investment,100,216.5767154973014,NO
JSWSTEEL,Mar 2015,Growth Investment,100,93.600812595226,NO
JSWSTEEL,Mar 2016,Growth Investment,100,55.9228650137741,NO
JSWSTEEL,Mar 2017,Growth Investment,100,64.579107505071,NO
JSWSTEEL,Mar 2018,Growth Investment,100,36.5861539704338,NO
JSWSTEEL,Mar 2019,Growth Investment,100,77.81726235221758,NO
JSWSTEEL,Mar 2020,Growth Investment,100,153.2186155651154,NO
JSWSTEEL,Mar 2021,Growth Investment,100,40.99206982809091,NO
JSWSTEEL,Mar 2022,Growth Investment,100,56.14008374571755,NO
JSWSTEEL,Mar 2023,Growth Investment,100,46.00608841058183,NO
JSWSTEEL,Mar 2024,Growth Investment,100,119.7797648617321,NO
KOTAKBANK,Mar 2013,Growth Investment,100,313.9332870048645,NO
KOTAKBANK,Mar 2014,Growth Investment,100,12.46140273489193,NO
KOTAKBANK,Mar 2015,Growth Investment,100,194.0486533449175,NO
KOTAKBANK,Mar 2016,Growth Investment,100,46.82587064676617,NO
KOTAKBANK,Mar 2017,Growth Investment,100,40.00151263046438,NO
KOTAKBANK,Mar 2018,Financial Stress,40,52.68475750577367,YES
KOTAKBANK,Mar 2019,Growth Investment,100,182.3819978046103,NO
KOTAKBANK,Mar 2020,Growth Investment,100,28.03148930693494,NO
KOTAKBANK,Mar 2021,Growth Investment,100,228.8875230485556,NO
KOTAKBANK,Mar 2022,Growth Investment,100,131.2349542609533,NO
KOTAKBANK,Mar 2023,Financial Stress,40,835.8293075684379,YES
KOTAKBANK,Mar 2024,Growth Investment,100,56.86324513866752,NO
LICI,Mar 2019,Stable,100,72.59303902365527,NO
LICI,Mar 2020,Growth Investment,100,74.33737377453234,NO
LICI,Mar 2021,Stable,100,184.1728493089502,NO
LICI,Mar 2022,Stable,40,331.2450436161776,NO
LICI,Mar 2023,Growth Investment,100,96.93501348153855,NO
LICI,Mar 2024,Growth Investment,100,96.734553250134,NO
LODHA,Mar 2016,Growth Investment,100,220.671834625323,NO
LODHA,Mar 2017,Growth Investment,100,79.91831177671885,NO
LODHA,Mar 2018,Growth Investment,100,93.53448275862068,NO
LODHA,Mar 2019,Financial Stress,40,37.79697624190065,NO
LODHA,Mar 2020,Stable,100,4.825026511134676,NO
LODHA,Mar 2021,Stable,100,16.64025356576862,NO
LODHA,Mar 2022,Stable,100,57.007007007007,NO
LODHA,Mar 2023,Stable,100,65.05454545454545,NO
LODHA,Mar 2024,Growth Investment,100,117.3168789808917,NO
LT,Mar 2013,Financial Stress,40,158.9437428243398,NO
LT,Mar 2014,Financial Stress,40,77.13845723085538,NO
LT,Mar 2015,Financial Stress,40,350.03663003663,NO
LT,Mar 2016,Financial Stress,40,142.8086419753087,YES
LT,Mar 2017,Growth Investment,100,147.1975957926371,NO
LT,Mar 2018,Financial Stress,40,39.01904097298375,NO
LT,Mar 2019,Financial Stress,40,231.7703952901598,YES
LT,Mar 2020,Growth Investment,100,125.6050194203765,NO
LT,Mar 2021,Growth Investment,100,24.9198231776025,NO
LT,Mar 2022,Growth Investment,100,18.70695053224797,NO
LT,Mar 2023,Growth Investment,100,35.33388944988366,NO
LT,Mar 2024,Stable,100,11.92926749151429,NO
LTIM,Mar 2013,Growth Investment,100,36.84210526315789,NO
LTIM,Mar 2014,Stable,100,28.6624203821656,NO
LTIM,Mar 2015,Growth Investment,100,16.04361370716511,NO
LTIM,Mar 2016,Growth Investment,100,4.662004662004662,NO
LTIM,Mar 2017,Growth Investment,100,82.13675213675214,NO
LTIM,Mar 2018,Growth Investment,100,53.55450236966824,NO
LTIM,Mar 2019,Growth Investment,100,53.69175627240143,NO
LTIM,Mar 2020,Growth Investment,100,39.11192214111922,NO
LTIM,Mar 2021,Growth Investment,100,69.04166666666667,NO
LTIM,Mar 2022,Growth Investment,100,50.53829590895109,NO
LTIM,Mar 2023,Growth Investment,100,8.75605815831987,NO
LTIM,Mar 2024,Growth Investment,100,69.1005291005291,NO
M&M,Mar 2013,Financial Stress,40,314.8590021691974,NO
M&M,Mar 2014,Financial Stress,40,1854.098360655737,NO
M&M,Mar 2015,Growth Investment,100,412.9857819905213,NO
M&M,Mar 2016,Growth Investment,100,230.8595387840671,NO
M&M,Mar 2017,Growth Investment,100,3210.382513661202,NO
M&M,Mar 2018,Growth Investment,100,801.6129032258063,NO
M&M,Mar 2019,Financial Stress,40,165.0333563377042,NO
M&M,Mar 2020,Financial Stress,40,471.5168153740563,YES
M&M,Mar 2021,Growth Investment,100,109.9223853928193,NO
M&M,Mar 2022,Growth Investment,100,35.16435986159169,NO
M&M,Mar 2023,Financial Stress,40,125.3322024314391,NO
M&M,Mar 2024,Financial Stress,40,99.7335701598579,NO
MARUTI,Mar 2013,Growth Investment,100,76.84158659768417,NO
MARUTI,Mar 2014,Growth Investment,100,100.04004004004,NO
MARUTI,Mar 2015,Growth Investment,100,69.63870367498836,NO
MARUTI,Mar 2016,Growth Investment,100,85.23933034661636,NO
MARUTI,Mar 2017,Growth Investment,100,89.21416066913052,NO
MARUTI,Mar 2018,Growth Investment,100,70.42755344418052,NO
MARUTI,Mar 2019,Growth Investment,100,53.62823814573549,NO
MARUTI,Mar 2020,Growth Investment,100,15.9324942791762,NO
MARUTI,Mar 2021,Growth Investment,100,82.32836495031617,NO
MARUTI,Mar 2022,Growth Investment,100,12.98913043478261,NO
MARUTI,Mar 2023,Growth Investment,100,81.55339805825243,NO
MARUTI,Mar 2024,Growth Investment,100,70.62079638116778,NO
MOTHERSON,Mar 2013,Growth Investment,100,73.28398384925976,NO
MOTHERSON,Mar 2014,Growth Investment,100,50.90909090909091,NO
MOTHERSON,Mar 2015,Growth Investment,100,83.89380530973452,NO
MOTHERSON,Mar 2016,Growth Investment,100,87.11151736745887,NO
MOTHERSON,Mar 2017,Growth Investment,100,161.7105263157895,NO
MOTHERSON,Mar 2018,Growth Investment,100,97.85539215686273,NO
MOTHERSON,Mar 2019,Growth Investment,100,76.94805194805194,NO
MOTHERSON,Mar 2020,Growth Investment,100,34.94962216624685,NO
MOTHERSON,Mar 2021,Growth Investment,100,37.33914076420511,NO
MOTHERSON,Mar 2022,Growth Investment,100,93.54445797807551,NO
MOTHERSON,Mar 2023,Growth Investment,100,48.41697178548353,NO
MOTHERSON,Mar 2024,Growth Investment,100,87.779098956269,NO
NAUKRI,Mar 2013,Growth Investment,100,61.33333333333333,NO
NAUKRI,Mar 2014,Growth Investment,100,251.8518518518518,NO
NAUKRI,Mar 2015,Growth Investment,100,2060.78431372549,NO
NAUKRI,Mar 2016,Growth Investment,100,2.564102564102564,NO
NAUKRI,Mar 2017,Growth Investment,100,77.46478873239437,NO
NAUKRI,Mar 2018,Growth Investment,100,58.89328063241107,NO
NAUKRI,Mar 2019,Growth Investment,100,21.3768115942029,NO
NAUKRI,Mar 2020,Stable,100,27.71428571428572,NO
NAUKRI,Mar 2021,Growth Investment,100,740.2173913043479,NO
NAUKRI,Mar 2022,Growth Investment,100,166.4780763790665,NO
NAUKRI,Mar 2023,Growth Investment,100,69.921875,NO
NAUKRI,Mar 2024,Growth Investment,100,121.3675213675214,NO
NESTLEIND,Dec 2013,Growth Investment,100,24.55456570155902,NO
NESTLEIND,Dec 2014,Growth Investment,100,26.27737226277372,NO
NESTLEIND,Dec 2015,Growth Investment,100,6.375227686703097,NO
NESTLEIND,Dec 2016,Growth Investment,100,8.594815825375171,NO
NESTLEIND,Dec 2017,Growth Investment,100,7.205720572057206,NO
NESTLEIND,Dec 2018,Growth Investment,100,2.53411306042885,NO
NESTLEIND,Dec 2019,Stable,100,3.616557734204793,NO
NESTLEIND,Dec 2020,Growth Investment,100,13.08068459657702,NO
NESTLEIND,Dec 2021,Growth Investment,100,85.86762075134168,NO
NESTLEIND,Dec 2022,Growth Investment,100,14.32225063938619,NO
NESTLEIND,Dec 2023,Growth Investment,100,27.32900943396227,NO
NESTLEIND,Mar 2024,Growth Investment,100,29.62874251497006,NO
NHPC,Mar 2013,Growth Investment,100,46.73225579761068,NO
NHPC,Mar 2014,Growth Investment,100,29.34100418410042,NO
NHPC,Mar 2015,Growth Investment,100,18.91159812853977,NO
NHPC,Mar 2016,Growth Investment,100,12.49371964495059,NO
NHPC,Mar 2017,Growth Investment,100,22.37963741145396,NO
NHPC,Mar 2018,Growth Investment,100,18.86712095400341,NO
NHPC,Mar 2019,Growth Investment,100,30.91004184100418,NO
NHPC,Mar 2020,Growth Investment,100,99.79953224189777,NO
NHPC,Mar 2021,Growth Investment,100,31.69625246548323,NO
NHPC,Mar 2022,Growth Investment,100,67.18954248366013,NO
NHPC,Mar 2023,Growth Investment,100,89.07545164718384,NO
NHPC,Mar 2024,Growth Investment,100,86.01902565580859,NO
NTPC,Mar 2013,Growth Investment,100,102.0414344560213,NO
NTPC,Mar 2014,Growth Investment,100,93.81767588167685,NO
NTPC,Mar 2015,Growth Investment,100,107.3074081536705,NO
NTPC,Mar 2016,Growth Investment,100,79.4279792746114,NO
NTPC,Mar 2017,Growth Investment,100,121.3864233649031,NO
NTPC,Mar 2018,Growth Investment,100,105.1245551601423,NO
NTPC,Mar 2019,Growth Investment,100,128.7755538906133,NO
NTPC,Mar 2020,Growth Investment,100,124.0184177480117,NO
NTPC,Mar 2021,Growth Investment,100,64.83171002342499,NO
NTPC,Mar 2022,Growth Investment,100,54.778883890112,NO
NTPC,Mar 2023,Growth Investment,100,55.44833729216152,NO
NTPC,Mar 2024,Growth Investment,100,78.80593355400269,NO
ONGC,Mar 2013,Growth Investment,100,103.3756332447209,NO
ONGC,Mar 2014,Growth Investment,100,119.4537262999812,NO
ONGC,Mar 2015,Growth Investment,100,88.5360824742268,NO
ONGC,Mar 2016,Growth Investment,100,82.64062905037588,NO
ONGC,Mar 2017,Growth Investment,100,95.70773263433814,NO
ONGC,Mar 2018,Growth Investment,100,117.618678687139,NO
ONGC,Mar 2019,Growth Investment,100,60.41849718506948,NO
ONGC,Mar 2020,Growth Investment,100,75.30350034705991,NO
ONGC,Mar 2021,Growth Investment,100,82.95220938857688,NO
ONGC,Mar 2022,Growth Investment,100,52.64926899090072,NO
ONGC,Mar 2023,Growth Investment,100,86.78627036322652,NO
ONGC,Mar 2024,Growth Investment,100,57.62771626890181,NO
PFC,Mar 2013,Financial Stress,40,0.0876424189307625,NO
PFC,Mar 2014,Financial Stress,40,0.04004805766920305,YES
PFC,Mar 2015,Financial Stress,40,2.288510836634817,NO
PFC,Mar 2016,Financial Stress,40,14.83681756655136,YES
PFC,Mar 2017,Growth Investment,100,37.15877437325905,NO
PFC,Mar 2018,Financial Stress,40,2.465528102470778,YES
PFC,Mar 2019,Financial Stress,40,16.77590589642626,YES
PFC,Mar 2020,Financial Stress,40,0.1731992028091487,NO
PFC,Mar 2021,Financial Stress,40,2.943712696346144,NO
PFC,Mar 2022,Growth Investment,100,11.15415986949429,NO
PFC,Mar 2023,Financial Stress,40,2.267221649691503,YES
PFC,Mar 2024,Financial Stress,40,3.48497239828256,NO
PIDILITIND,Mar 2013,Growth Investment,100,30.50847457627119,NO
PIDILITIND,Mar 2014,Growth Investment,100,25.12690355329949,NO
PIDILITIND,Mar 2015,Growth Investment,100,78.98550724637681,NO
PIDILITIND,Mar 2016,Growth Investment,100,54.13450937155457,NO
PIDILITIND,Mar 2017,Growth Investment,100,110.7052896725441,NO
PIDILITIND,Mar 2018,Stable,100,4.899497487437186,NO
PIDILITIND,Mar 2019,Growth Investment,100,60.71005917159763,NO
PIDILITIND,Mar 2020,Stable,100,8.046875,NO
PIDILITIND,Mar 2021,Growth Investment,100,121.264367816092,NO
PIDILITIND,Mar 2022,Growth Investment,100,58.42931937172775,NO
PIDILITIND,Mar 2023,Growth Investment,100,57.70218228498074,NO
PIDILITIND,Mar 2024,Growth Investment,100,64.94126284875183,NO
PNB,Mar 2013,Stable,40,86.70520231213872,YES
PNB,Mar 2013,Stable,40,86.70520231213872,YES
PNB,Mar 2013,Stable,40,86.70520231213872,YES
PNB,Mar 2013,Stable,40,86.70520231213872,YES
PNB,Mar 2013,Stable,40,86.70520231213872,YES
PNB,Mar 2013,Stable,40,86.70520231213872,YES
PNB,Mar 2013,Stable,40,86.70520231213872,YES
PNB,Mar 2013,Stable,40,86.70520231213872,YES
PNB,Mar 2013,Stable,40,86.70520231213872,YES
PNB,Mar 2013,Stable,40,86.70520231213872,YES
PNB,Mar 2013,Stable,40,86.70520231213872,YES
PNB,Mar 2013,Stable,40,86.70520231213872,YES
PNB,Mar 2013,Stable,40,86.70520231213872,YES
PNB,Mar 2013,Stable,40,86.70520231213872,YES
PNB,Mar 2013,Stable,40,86.70520231213872,YES
PNB,Mar 2013,Stable,40,86.70520231213872,YES
PNB,Mar 2013,Stable,40,86.70520231213872,YES
PNB,Mar 2013,Stable,40,86.70520231213872,YES
PNB,Mar 2013,Stable,40,86.70520231213872,YES
PNB,Mar 2013,Stable,40,86.70520231213872,YES
PNB,Mar 2013,Stable,40,86.70520231213872,YES
PNB,Mar 2013,Stable,40,86.70520231213872,YES
PNB,Mar 2013,Stable,40,86.70520231213872,YES
PNB,Mar 2013,Stable,40,86.70520231213872,YES
PNB,Mar 2013,Stable,40,86.70520231213872,YES
PNB,Mar 2014,Growth Investment,100,1.786348042115225,NO
PNB,Mar 2014,Growth Investment,100,1.786348042115225,NO
PNB,Mar 2014,Growth Investment,100,1.786348042115225,NO
PNB,Mar 2014,Growth Investment,100,1.786348042115225,NO
PNB,Mar 2014,Growth Investment,100,1.786348042115225,NO
PNB,Mar 2014,Growth Investment,100,1.786348042115225,NO
PNB,Mar 2014,Growth Investment,100,1.786348042115225,NO
PNB,Mar 2014,Growth Investment,100,1.786348042115225,NO
PNB,Mar 2014,Growth Investment,100,1.786348042115225,NO
PNB,Mar 2014,Growth Investment,100,1.786348042115225,NO
PNB,Mar 2014,Growth Investment,100,1.786348042115225,NO
PNB,Mar 2014,Growth Investment,100,1.786348042115225,NO
PNB,Mar 2014,Growth Investment,100,1.786348042115225,NO
PNB,Mar 2014,Growth Investment,100,1.786348042115225,NO
PNB,Mar 2014,Growth Investment,100,1.786348042115225,NO
PNB,Mar 2014,Growth Investment,100,1.786348042115225,NO
PNB,Mar 2014,Growth Investment,100,1.786348042115225,NO
PNB,Mar 2014,Growth Investment,100,1.786348042115225,NO
PNB,Mar 2014,Growth Investment,100,1.786348042115225,NO
PNB,Mar 2014,Growth Investment,100,1.786348042115225,NO
PNB,Mar 2014,Growth Investment,100,1.786348042115225,NO
PNB,Mar 2014,Growth Investment,100,1.786348042115225,NO
PNB,Mar 2014,Growth Investment,100,1.786348042115225,NO
PNB,Mar 2014,Growth Investment,100,1.786348042115225,NO
PNB,Mar 2014,Growth Investment,100,1.786348042115225,NO
PNB,Mar 2015,Growth Investment,100,18.11383464894059,NO
PNB,Mar 2015,Growth Investment,100,18.11383464894059,NO
PNB,Mar 2015,Growth Investment,100,18.11383464894059,NO
PNB,Mar 2015,Growth Investment,100,18.11383464894059,NO
PNB,Mar 2015,Growth Investment,100,18.11383464894059,NO
PNB,Mar 2015,Growth Investment,100,18.11383464894059,NO
PNB,Mar 2015,Growth Investment,100,18.11383464894059,NO
PNB,Mar 2015,Growth Investment,100,18.11383464894059,NO
PNB,Mar 2015,Growth Investment,100,18.11383464894059,NO
PNB,Mar 2015,Growth Investment,100,18.11383464894059,NO
PNB,Mar 2015,Growth Investment,100,18.11383464894059,NO
PNB,Mar 2015,Growth Investment,100,18.11383464894059,NO
PNB,Mar 2015,Growth Investment,100,18.11383464894059,NO
PNB,Mar 2015,Growth Investment,100,18.11383464894059,NO
PNB,Mar 2015,Growth Investment,100,18.11383464894059,NO
PNB,Mar 2015,Growth Investment,100,18.11383464894059,NO
PNB,Mar 2015,Growth Investment,100,18.11383464894059,NO
PNB,Mar 2015,Growth Investment,100,18.11383464894059,NO
PNB,Mar 2015,Growth Investment,100,18.11383464894059,NO
PNB,Mar 2015,Growth Investment,100,18.11383464894059,NO
PNB,Mar 2015,Growth Investment,100,18.11383464894059,NO
PNB,Mar 2015,Growth Investment,100,18.11383464894059,NO
PNB,Mar 2015,Growth Investment,100,18.11383464894059,NO
PNB,Mar 2015,Growth Investment,100,18.11383464894059,NO
PNB,Mar 2015,Growth Investment,100,18.11383464894059,NO
PNB,Mar 2016,Growth Investment,100,9.543304863414978,NO
PNB,Mar 2016,Growth Investment,100,9.543304863414978,NO
PNB,Mar 2016,Growth Investment,100,9.543304863414978,NO
PNB,Mar 2016,Growth Investment,100,9.543304863414978,NO
PNB,Mar 2016,Growth Investment,100,9.543304863414978,NO
PNB,Mar 2016,Growth Investment,100,9.543304863414978,NO
PNB,Mar 2016,Growth Investment,100,9.543304863414978,NO
PNB,Mar 2016,Growth Investment,100,9.543304863414978,NO
PNB,Mar 2016,Growth Investment,100,9.543304863414978,NO
PNB,Mar 2016,Growth Investment,100,9.543304863414978,NO
PNB,Mar 2016,Growth Investment,100,9.543304863414978,NO
PNB,Mar 2016,Growth Investment,100,9.543304863414978,NO
PNB,Mar 2016,Growth Investment,100,9.543304863414978,NO
PNB,Mar 2016,Growth Investment,100,9.543304863414978,NO
PNB,Mar 2016,Growth Investment,100,9.543304863414978,NO
PNB,Mar 2016,Growth Investment,100,9.543304863414978,NO
PNB,Mar 2016,Growth Investment,100,9.543304863414978,NO
PNB,Mar 2016,Growth Investment,100,9.543304863414978,NO
PNB,Mar 2016,Growth Investment,100,9.543304863414978,NO
PNB,Mar 2016,Growth Investment,100,9.543304863414978,NO
PNB,Mar 2016,Growth Investment,100,9.543304863414978,NO
PNB,Mar 2016,Growth Investment,100,9.543304863414978,NO
PNB,Mar 2016,Growth Investment,100,9.543304863414978,NO
PNB,Mar 2016,Growth Investment,100,9.543304863414978,NO
PNB,Mar 2016,Growth Investment,100,9.543304863414978,NO
PNB,Mar 2017,Stable,100,0.7247698058163917,NO
PNB,Mar 2017,Stable,100,0.7247698058163917,NO
PNB,Mar 2017,Stable,100,0.7247698058163917,NO
PNB,Mar 2017,Stable,100,0.7247698058163917,NO
PNB,Mar 2017,Stable,100,0.7247698058163917,NO
PNB,Mar 2017,Stable,100,0.7247698058163917,NO
PNB,Mar 2017,Stable,100,0.7247698058163917,NO
PNB,Mar 2017,Stable,100,0.7247698058163917,NO
PNB,Mar 2017,Stable,100,0.7247698058163917,NO
PNB,Mar 2017,Stable,100,0.7247698058163917,NO
PNB,Mar 2017,Stable,100,0.7247698058163917,NO
PNB,Mar 2017,Stable,100,0.7247698058163917,NO
PNB,Mar 2017,Stable,100,0.7247698058163917,NO
PNB,Mar 2017,Stable,100,0.7247698058163917,NO
PNB,Mar 2017,Stable,100,0.7247698058163917,NO
PNB,Mar 2017,Stable,100,0.7247698058163917,NO
PNB,Mar 2017,Stable,100,0.7247698058163917,NO
PNB,Mar 2017,Stable,100,0.7247698058163917,NO
PNB,Mar 2017,Stable,100,0.7247698058163917,NO
PNB,Mar 2017,Stable,100,0.7247698058163917,NO
PNB,Mar 2017,Stable,100,0.7247698058163917,NO
PNB,Mar 2017,Stable,100,0.7247698058163917,NO
PNB,Mar 2017,Stable,100,0.7247698058163917,NO
PNB,Mar 2017,Stable,100,0.7247698058163917,NO
PNB,Mar 2017,Stable,100,0.7247698058163917,NO
PNB,Mar 2018,Financial Stress,40,22.5028702640643,NO
PNB,Mar 2018,Financial Stress,40,22.5028702640643,NO
PNB,Mar 2018,Financial Stress,40,22.5028702640643,NO
PNB,Mar 2018,Financial Stress,40,22.5028702640643,NO
PNB,Mar 2018,Financial Stress,40,22.5028702640643,NO
PNB,Mar 2018,Financial Stress,40,22.5028702640643,NO
PNB,Mar 2018,Financial Stress,40,22.5028702640643,NO
PNB,Mar 2018,Financial Stress,40,22.5028702640643,NO
PNB,Mar 2018,Financial Stress,40,22.5028702640643,NO
PNB,Mar 2018,Financial Stress,40,22.5028702640643,NO
PNB,Mar 2018,Financial Stress,40,22.5028702640643,NO
PNB,Mar 2018,Financial Stress,40,22.5028702640643,NO
PNB,Mar 2018,Financial Stress,40,22.5028702640643,NO
PNB,Mar 2018,Financial Stress,40,22.5028702640643,NO
PNB,Mar 2018,Financial Stress,40,22.5028702640643,NO
PNB,Mar 2018,Financial Stress,40,22.5028702640643,NO
PNB,Mar 2018,Financial Stress,40,22.5028702640643,NO
PNB,Mar 2018,Financial Stress,40,22.5028702640643,NO
PNB,Mar 2018,Financial Stress,40,22.5028702640643,NO
PNB,Mar 2018,Financial Stress,40,22.5028702640643,NO
PNB,Mar 2018,Financial Stress,40,22.5028702640643,NO
PNB,Mar 2018,Financial Stress,40,22.5028702640643,NO
PNB,Mar 2018,Financial Stress,40,22.5028702640643,NO
PNB,Mar 2018,Financial Stress,40,22.5028702640643,NO
PNB,Mar 2018,Financial Stress,40,22.5028702640643,NO
PNB,Mar 2019,Financial Stress,40,1.875820112131695,YES
PNB,Mar 2019,Financial Stress,40,1.875820112131695,YES
PNB,Mar 2019,Financial Stress,40,1.875820112131695,YES
PNB,Mar 2019,Financial Stress,40,1.875820112131695,YES
PNB,Mar 2019,Financial Stress,40,1.875820112131695,YES
PNB,Mar 2019,Financial Stress,40,1.875820112131695,YES
PNB,Mar 2019,Financial Stress,40,1.875820112131695,YES
PNB,Mar 2019,Financial Stress,40,1.875820112131695,YES
PNB,Mar 2019,Financial Stress,40,1.875820112131695,YES
PNB,Mar 2019,Financial Stress,40,1.875820112131695,YES
PNB,Mar 2019,Financial Stress,40,1.875820112131695,YES
PNB,Mar 2019,Financial Stress,40,1.875820112131695,YES
PNB,Mar 2019,Financial Stress,40,1.875820112131695,YES
PNB,Mar 2019,Financial Stress,40,1.875820112131695,YES
PNB,Mar 2019,Financial Stress,40,1.875820112131695,YES
PNB,Mar 2019,Financial Stress,40,1.875820112131695,YES
PNB,Mar 2019,Financial Stress,40,1.875820112131695,YES
PNB,Mar 2019,Financial Stress,40,1.875820112131695,YES
PNB,Mar 2019,Financial Stress,40,1.875820112131695,YES
PNB,Mar 2019,Financial Stress,40,1.875820112131695,YES
PNB,Mar 2019,Financial Stress,40,1.875820112131695,YES
PNB,Mar 2019,Financial Stress,40,1.875820112131695,YES
PNB,Mar 2019,Financial Stress,40,1.875820112131695,YES
PNB,Mar 2019,Financial Stress,40,1.875820112131695,YES
PNB,Mar 2019,Financial Stress,40,1.875820112131695,YES
PNB,Mar 2020,Financial Stress,40,2.6420698819667,NO
PNB,Mar 2020,Financial Stress,40,2.6420698819667,NO
PNB,Mar 2020,Financial Stress,40,2.6420698819667,NO
PNB,Mar 2020,Financial Stress,40,2.6420698819667,NO
PNB,Mar 2020,Financial Stress,40,2.6420698819667,NO
PNB,Mar 2020,Financial Stress,40,2.6420698819667,NO
PNB,Mar 2020,Financial Stress,40,2.6420698819667,NO
PNB,Mar 2020,Financial Stress,40,2.6420698819667,NO
PNB,Mar 2020,Financial Stress,40,2.6420698819667,NO
PNB,Mar 2020,Financial Stress,40,2.6420698819667,NO
PNB,Mar 2020,Financial Stress,40,2.6420698819667,NO
PNB,Mar 2020,Financial Stress,40,2.6420698819667,NO
PNB,Mar 2020,Financial Stress,40,2.6420698819667,NO
PNB,Mar 2020,Financial Stress,40,2.6420698819667,NO
PNB,Mar 2020,Financial Stress,40,2.6420698819667,NO
PNB,Mar 2020,Financial Stress,40,2.6420698819667,NO
PNB,Mar 2020,Financial Stress,40,2.6420698819667,NO
PNB,Mar 2020,Financial Stress,40,2.6420698819667,NO
PNB,Mar 2020,Financial Stress,40,2.6420698819667,NO
PNB,Mar 2020,Financial Stress,40,2.6420698819667,NO
PNB,Mar 2020,Financial Stress,40,2.6420698819667,NO
PNB,Mar 2020,Financial Stress,40,2.6420698819667,NO
PNB,Mar 2020,Financial Stress,40,2.6420698819667,NO
PNB,Mar 2020,Financial Stress,40,2.6420698819667,NO
PNB,Mar 2020,Financial Stress,40,2.6420698819667,NO
PNB,Mar 2021,Growth Investment,100,2.54281098546042,NO
PNB,Mar 2021,Growth Investment,100,2.54281098546042,NO
PNB,Mar 2021,Growth Investment,100,2.54281098546042,NO
PNB,Mar 2021,Growth Investment,100,2.54281098546042,NO
PNB,Mar 2021,Growth Investment,100,2.54281098546042,NO
PNB,Mar 2021,Growth Investment,100,2.54281098546042,NO
PNB,Mar 2021,Growth Investment,100,2.54281098546042,NO
PNB,Mar 2021,Growth Investment,100,2.54281098546042,NO
PNB,Mar 2021,Growth Investment,100,2.54281098546042,NO
PNB,Mar 2021,Growth Investment,100,2.54281098546042,NO
PNB,Mar 2021,Growth Investment,100,2.54281098546042,NO
PNB,Mar 2021,Growth Investment,100,2.54281098546042,NO
PNB,Mar 2021,Growth Investment,100,2.54281098546042,NO
PNB,Mar 2021,Growth Investment,100,2.54281098546042,NO
PNB,Mar 2021,Growth Investment,100,2.54281098546042,NO
PNB,Mar 2021,Growth Investment,100,2.54281098546042,NO
PNB,Mar 2021,Growth Investment,100,2.54281098546042,NO
PNB,Mar 2021,Growth Investment,100,2.54281098546042,NO
PNB,Mar 2021,Growth Investment,100,2.54281098546042,NO
PNB,Mar 2021,Growth Investment,100,2.54281098546042,NO
PNB,Mar 2021,Growth Investment,100,2.54281098546042,NO
PNB,Mar 2021,Growth Investment,100,2.54281098546042,NO
PNB,Mar 2021,Growth Investment,100,2.54281098546042,NO
PNB,Mar 2021,Growth Investment,100,2.54281098546042,NO
PNB,Mar 2021,Growth Investment,100,2.54281098546042,NO
PNB,Mar 2022,Growth Investment,100,6.010383386581469,NO
PNB,Mar 2022,Growth Investment,100,6.010383386581469,NO
PNB,Mar 2022,Growth Investment,100,6.010383386581469,NO
PNB,Mar 2022,Growth Investment,100,6.010383386581469,NO
PNB,Mar 2022,Growth Investment,100,6.010383386581469,NO
PNB,Mar 2022,Growth Investment,100,6.010383386581469,NO
PNB,Mar 2022,Growth Investment,100,6.010383386581469,NO
PNB,Mar 2022,Growth Investment,100,6.010383386581469,NO
PNB,Mar 2022,Growth Investment,100,6.010383386581469,NO
PNB,Mar 2022,Growth Investment,100,6.010383386581469,NO
PNB,Mar 2022,Growth Investment,100,6.010383386581469,NO
PNB,Mar 2022,Growth Investment,100,6.010383386581469,NO
PNB,Mar 2022,Growth Investment,100,6.010383386581469,NO
PNB,Mar 2022,Growth Investment,100,6.010383386581469,NO
PNB,Mar 2022,Growth Investment,100,6.010383386581469,NO
PNB,Mar 2022,Growth Investment,100,6.010383386581469,NO
PNB,Mar 2022,Growth Investment,100,6.010383386581469,NO
PNB,Mar 2022,Growth Investment,100,6.010383386581469,NO
PNB,Mar 2022,Growth Investment,100,6.010383386581469,NO
PNB,Mar 2022,Growth Investment,100,6.010383386581469,NO
PNB,Mar 2022,Growth Investment,100,6.010383386581469,NO
PNB,Mar 2022,Growth Investment,100,6.010383386581469,NO
PNB,Mar 2022,Growth Investment,100,6.010383386581469,NO
PNB,Mar 2022,Growth Investment,100,6.010383386581469,NO
PNB,Mar 2022,Growth Investment,100,6.010383386581469,NO
PNB,Mar 2023,Growth Investment,100,3.240084985835694,NO
PNB,Mar 2023,Growth Investment,100,3.240084985835694,NO
PNB,Mar 2023,Growth Investment,100,3.240084985835694,NO
PNB,Mar 2023,Growth Investment,100,3.240084985835694,NO
PNB,Mar 2023,Growth Investment,100,3.240084985835694,NO
PNB,Mar 2023,Growth Investment,100,3.240084985835694,NO
PNB,Mar 2023,Growth Investment,100,3.240084985835694,NO
PNB,Mar 2023,Growth Investment,100,3.240084985835694,NO
PNB,Mar 2023,Growth Investment,100,3.240084985835694,NO
PNB,Mar 2023,Growth Investment,100,3.240084985835694,NO
PNB,Mar 2023,Growth Investment,100,3.240084985835694,NO
PNB,Mar 2023,Growth Investment,100,3.240084985835694,NO
PNB,Mar 2023,Growth Investment,100,3.240084985835694,NO
PNB,Mar 2023,Growth Investment,100,3.240084985835694,NO
PNB,Mar 2023,Growth Investment,100,3.240084985835694,NO
PNB,Mar 2023,Growth Investment,100,3.240084985835694,NO
PNB,Mar 2023,Growth Investment,100,3.240084985835694,NO
PNB,Mar 2023,Growth Investment,100,3.240084985835694,NO
PNB,Mar 2023,Growth Investment,100,3.240084985835694,NO
PNB,Mar 2023,Growth Investment,100,3.240084985835694,NO
PNB,Mar 2023,Growth Investment,100,3.240084985835694,NO
PNB,Mar 2023,Growth Investment,100,3.240084985835694,NO
PNB,Mar 2023,Growth Investment,100,3.240084985835694,NO
PNB,Mar 2023,Growth Investment,100,3.240084985835694,NO
PNB,Mar 2023,Growth Investment,100,3.240084985835694,NO
PNB,Mar 2024,Financial Stress,40,5.390314613980458,YES
PNB,Mar 2024,Financial Stress,40,5.390314613980458,YES
PNB,Mar 2024,Financial Stress,40,5.390314613980458,YES
PNB,Mar 2024,Financial Stress,40,5.390314613980458,YES
PNB,Mar 2024,Financial Stress,40,5.390314613980458,YES
PNB,Mar 2024,Financial Stress,40,5.390314613980458,YES
PNB,Mar 2024,Financial Stress,40,5.390314613980458,YES
PNB,Mar 2024,Financial Stress,40,5.390314613980458,YES
PNB,Mar 2024,Financial Stress,40,5.390314613980458,YES
PNB,Mar 2024,Financial Stress,40,5.390314613980458,YES
PNB,Mar 2024,Financial Stress,40,5.390314613980458,YES
PNB,Mar 2024,Financial Stress,40,5.390314613980458,YES
PNB,Mar 2024,Financial Stress,40,5.390314613980458,YES
PNB,Mar 2024,Financial Stress,40,5.390314613980458,YES
PNB,Mar 2024,Financial Stress,40,5.390314613980458,YES
PNB,Mar 2024,Financial Stress,40,5.390314613980458,YES
PNB,Mar 2024,Financial Stress,40,5.390314613980458,YES
PNB,Mar 2024,Financial Stress,40,5.390314613980458,YES
PNB,Mar 2024,Financial Stress,40,5.390314613980458,YES
PNB,Mar 2024,Financial Stress,40,5.390314613980458,YES
PNB,Mar 2024,Financial Stress,40,5.390314613980458,YES
PNB,Mar 2024,Financial Stress,40,5.390314613980458,YES
PNB,Mar 2024,Financial Stress,40,5.390314613980458,YES
PNB,Mar 2024,Financial Stress,40,5.390314613980458,YES
PNB,Mar 2024,Financial Stress,40,5.390314613980458,YES
POWERGRID,Mar 2013,Growth Investment,100,188.9136013686912,NO
POWERGRID,Mar 2013,Growth Investment,100,188.9136013686912,NO
POWERGRID,Mar 2013,Growth Investment,100,188.9136013686912,NO
POWERGRID,Mar 2013,Growth Investment,100,188.9136013686912,NO
POWERGRID,Mar 2014,Growth Investment,100,174.9917887407213,NO
POWERGRID,Mar 2014,Growth Investment,100,174.9917887407213,NO
POWERGRID,Mar 2014,Growth Investment,100,174.9917887407213,NO
POWERGRID,Mar 2014,Growth Investment,100,174.9917887407213,NO
POWERGRID,Mar 2015,Growth Investment,100,153.0696202531645,NO
POWERGRID,Mar 2015,Growth Investment,100,153.0696202531645,NO
POWERGRID,Mar 2015,Growth Investment,100,153.0696202531645,NO
POWERGRID,Mar 2015,Growth Investment,100,153.0696202531645,NO
POWERGRID,Mar 2016,Growth Investment,100,143.7633262260128,NO
POWERGRID,Mar 2016,Growth Investment,100,143.7633262260128,NO
POWERGRID,Mar 2016,Growth Investment,100,143.7633262260128,NO
POWERGRID,Mar 2016,Growth Investment,100,143.7633262260128,NO
POWERGRID,Mar 2017,Growth Investment,100,110.4797219003476,NO
POWERGRID,Mar 2017,Growth Investment,100,110.4797219003476,NO
POWERGRID,Mar 2017,Growth Investment,100,110.4797219003476,NO
POWERGRID,Mar 2017,Growth Investment,100,110.4797219003476,NO
POWERGRID,Mar 2018,Growth Investment,100,113.1704095112285,NO
POWERGRID,Mar 2018,Growth Investment,100,113.1704095112285,NO
POWERGRID,Mar 2018,Growth Investment,100,113.1704095112285,NO
POWERGRID,Mar 2018,Growth Investment,100,113.1704095112285,NO
POWERGRID,Mar 2019,Growth Investment,100,80.47355077134631,NO
POWERGRID,Mar 2019,Growth Investment,100,80.47355077134631,NO
POWERGRID,Mar 2019,Growth Investment,100,80.47355077134631,NO
POWERGRID,Mar 2019,Growth Investment,100,80.47355077134631,NO
POWERGRID,Mar 2020,Growth Investment,100,34.91655551579426,NO
POWERGRID,Mar 2020,Growth Investment,100,34.91655551579426,NO
POWERGRID,Mar 2020,Growth Investment,100,34.91655551579426,NO
POWERGRID,Mar 2020,Growth Investment,100,34.91655551579426,NO
POWERGRID,Mar 2021,Growth Investment,100,31.43896881270619,NO
POWERGRID,Mar 2021,Growth Investment,100,31.43896881270619,NO
POWERGRID,Mar 2021,Growth Investment,100,31.43896881270619,NO
POWERGRID,Mar 2021,Growth Investment,100,31.43896881270619,NO
POWERGRID,Mar 2022,Stable,100,2.882406982085438,NO
POWERGRID,Mar 2022,Stable,100,2.882406982085438,NO
POWERGRID,Mar 2022,Stable,100,2.882406982085438,NO
POWERGRID,Mar 2022,Stable,100,2.882406982085438,NO
POWERGRID,Mar 2023,Growth Investment,100,17.75489391338955,NO
POWERGRID,Mar 2023,Growth Investment,100,17.75489391338955,NO
POWERGRID,Mar 2023,Growth Investment,100,17.75489391338955,NO
POWERGRID,Mar 2023,Growth Investment,100,17.75489391338955,NO
POWERGRID,Mar 2024,Growth Investment,100,35.16760525610083,NO
POWERGRID,Mar 2024,Growth Investment,100,35.16760525610083,NO
POWERGRID,Mar 2024,Growth Investment,100,35.16760525610083,NO
POWERGRID,Mar 2024,Growth Investment,100,35.16760525610083,NO
RECLTD,Mar 2013,Financial Stress,40,0.7577645944463832,YES
RECLTD,Mar 2014,Financial Stress,40,0.7886801206216656,YES
RECLTD,Mar 2015,Financial Stress,40,0.6318520378274333,YES
RECLTD,Mar 2016,Financial Stress,40,5.693628558517849,NO
RECLTD,Mar 2017,Growth Investment,100,1.484202792064658,NO
RECLTD,Mar 2018,Financial Stress,40,0.1414949246385727,YES
RECLTD,Mar 2019,Financial Stress,40,1.274187252551163,NO
RECLTD,Mar 2020,Financial Stress,40,0.3698948398141355,NO
RECLTD,Mar 2021,Financial Stress,40,1.978764478764479,YES
RECLTD,Mar 2022,Financial Stress,40,35.04273504273504,YES
RECLTD,Mar 2023,Financial Stress,40,2.524089935760171,YES
RECLTD,Mar 2024,Financial Stress,40,3.172045804965092,NO
RELIANCE,Mar 2013,Growth Investment,100,74.76298824421691,NO
RELIANCE,Mar 2014,Growth Investment,100,168.905018376829,NO
RELIANCE,Mar 2015,Growth Investment,100,188.2411124687264,NO
RELIANCE,Mar 2016,Growth Investment,100,94.8916976975927,NO
RELIANCE,Mar 2017,Growth Investment,100,133.6044399596367,NO
RELIANCE,Mar 2018,Growth Investment,100,95.42814760911853,NO
RELIANCE,Mar 2019,Growth Investment,100,223.1781041892977,NO
RELIANCE,Mar 2020,Growth Investment,100,76.41156444659927,NO
RELIANCE,Mar 2021,Growth Investment,100,528.1734550040804,NO
RELIANCE,Mar 2022,Growth Investment,100,98.65165290003073,NO
RELIANCE,Mar 2023,Growth Investment,100,80.84793796508798,NO
RELIANCE,Mar 2024,Growth Investment,100,71.52996448094314,NO
SBILIFE,Mar 2013,Growth Investment,100,20.08849557522124,NO
SBILIFE,Mar 2014,Growth Investment,100,426.5060240963855,NO
SBILIFE,Mar 2015,Growth Investment,100,6.565842862412394,NO
SBILIFE,Mar 2016,Growth Investment,100,124.6798200069228,NO
SBILIFE,Mar 2017,Growth Investment,100,105.9472140762463,NO
SBILIFE,Mar 2018,Growth Investment,100,85.71428571428571,NO
SBILIFE,Mar 2019,Growth Investment,100,100.5863579009872,NO
SBILIFE,Mar 2020,Growth Investment,100,88.01492305300793,NO
SBILIFE,Mar 2021,Growth Investment,100,80.42130831727951,NO
SBILIFE,Mar 2022,Growth Investment,100,98.89712612117883,NO
SBILIFE,Mar 2023,Growth Investment,100,105.3985203796762,NO
SBILIFE,Mar 2024,Growth Investment,100,107.2076093674885,NO
SBIN,Mar 2013,Growth Investment,100,9.333388130856484,NO
SBIN,Mar 2014,Growth Investment,100,4.132274579458782,NO
SBIN,Mar 2015,Growth Investment,100,13.0204966345971,NO
SBIN,Mar 2016,Growth Investment,100,18.97492574428404,NO
SBIN,Mar 2017,Growth Investment,100,5.906518874505852,NO
SBIN,Mar 2018,Financial Stress,40,13.52530360177395,YES
SBIN,Mar 2019,Stable,100,0.7443497090269319,NO
SBIN,Mar 2020,Growth Investment,100,2.31936144427264,NO
SBIN,Mar 2021,Growth Investment,100,4.081451083753156,NO
SBIN,Mar 2022,Growth Investment,100,4.596585492677009,NO
SBIN,Mar 2023,Financial Stress,40,1.123072988118213,YES
SBIN,Mar 2024,Growth Investment,100,16.06878698224852,NO
SHREECEM,Jun 2013,Growth Investment,100,21.42857142857143,NO
SHREECEM,Jun 2014,Growth Investment,100,88.07994289793005,NO
SHREECEM,Jun 2015,Growth Investment,100,79.90314769975787,NO
SHREECEM,Mar 2016,Growth Investment,100,80.77905491698594,NO
SHREECEM,Mar 2017,Growth Investment,100,93.00635785649409,NO
SHREECEM,Mar 2018,Growth Investment,100,191.3251729643427,NO
SHREECEM,Mar 2019,Growth Investment,100,34.61538461538461,NO
SHREECEM,Mar 2020,Growth Investment,100,140.6997231311352,NO
SHREECEM,Mar 2021,Growth Investment,100,62.31781852374236,NO
SHREECEM,Mar 2022,Growth Investment,100,80.3223388305847,NO
SHREECEM,Mar 2023,Growth Investment,100,93.61619307123394,NO
SHREECEM,Mar 2024,Growth Investment,100,42.36629817747236,NO
SHRIRAMFIN,Mar 2013,Financial Stress,40,0.4904892929776289,NO
SHRIRAMFIN,Mar 2014,Financial Stress,40,2.762022194821208,NO
SHRIRAMFIN,Mar 2015,Financial Stress,40,0.4682135053584434,YES
SHRIRAMFIN,Mar 2016,Financial Stress,40,0.6537134556019611,YES
SHRIRAMFIN,Mar 2017,Financial Stress,40,0.0747104968248039,NO
SHRIRAMFIN,Mar 2018,Financial Stress,40,0.654390503728504,YES
SHRIRAMFIN,Mar 2019,Financial Stress,40,1.373080397470641,YES
SHRIRAMFIN,Mar 2020,Financial Stress,40,2.232142857142857,NO
SHRIRAMFIN,Mar 2021,Financial Stress,40,0.5897617362585515,NO
SHRIRAMFIN,Mar 2022,Financial Stress,40,0.3837904955412574,YES
SHRIRAMFIN,Mar 2023,Financial Stress,40,28.8,YES
SHRIRAMFIN,Mar 2024,Financial Stress,40,0.8295553197646377,YES
SIEMENS,Sep 2011,Stable,100,8800.0,NO
SIEMENS,Sep 2014,Stable,100,21.38157894736842,NO
SIEMENS,Sep 2015,Stable,100,112.5435540069686,NO
SIEMENS,Sep 2016,Stable,100,46.19883040935672,NO
SIEMENS,Sep 2017,Stable,100,230.5410122164049,NO
SIEMENS,Sep 2018,Growth Investment,100,174.0,NO
SIEMENS,Sep 2019,Growth Investment,100,89.15946582875098,NO
SIEMENS,Sep 2020,Stable,100,120.9722222222222,NO
SIEMENS,Sep 2021,Growth Investment,100,168.0028129395218,NO
SIEMENS,Sep 2022,Growth Investment,100,3.476482617586912,NO
SIEMENS,Sep 2023,Growth Investment,100,54.21428571428572,NO
SIEMENS,Sep 2024,Growth Investment,100,30.05988023952096,NO
SUNPHARMA,Mar 2013,Growth Investment,100,70.74769139112303,NO
SUNPHARMA,Mar 2014,Growth Investment,100,54.96337458954281,NO
SUNPHARMA,Mar 2015,Growth Investment,100,26.74501424501424,NO
SUNPHARMA,Mar 2016,Growth Investment,100,59.06371522584505,NO
SUNPHARMA,Mar 2017,Growth Investment,100,59.10759672408924,NO
SUNPHARMA,Mar 2018,Growth Investment,100,79.44714614793959,NO
SUNPHARMA,Mar 2019,Growth Investment,100,14.11657559198543,NO
SUNPHARMA,Mar 2020,Growth Investment,100,33.94355453852022,NO
SUNPHARMA,Mar 2021,Stable,100,6.59643435980551,NO
SUNPHARMA,Mar 2022,Growth Investment,100,61.83639398998331,NO
SUNPHARMA,Mar 2023,Growth Investment,100,145.5938697318008,NO
SUNPHARMA,Mar 2024,Growth Investment,100,6.287597857437165,NO
TATACONSUM,Mar 2013,Stable,100,13.87283236994219,NO
TATACONSUM,Mar 2014,Growth Investment,100,0.2369668246445498,NO
TATACONSUM,Mar 2015,Growth Investment,100,49.52153110047847,NO
TATACONSUM,Mar 2016,Stable,100,125.0,NO
TATACONSUM,Mar 2017,Stable,100,19.56815114709851,NO
TATACONSUM,Mar 2018,Growth Investment,100,8.707865168539326,NO
TATACONSUM,Mar 2019,Stable,100,25.23809523809524,NO
TATACONSUM,Mar 2020,Growth Investment,100,57.48613678373382,NO
TATACONSUM,Mar 2021,Growth Investment,100,20.89371980676329,NO
TATACONSUM,Mar 2022,Growth Investment,100,86.87335092348285,NO
TATACONSUM,Mar 2023,Growth Investment,100,57.08418891170432,NO
TATACONSUM,Mar 2024,Growth Investment,100,98.65771812080537,NO
TATAMOTORS,Mar 2013,Growth Investment,100,103.6366917836033,NO
TATAMOTORS,Mar 2014,Growth Investment,100,77.42801029017178,NO
TATAMOTORS,Mar 2015,Growth Investment,100,101.9729250513636,NO
TATAMOTORS,Mar 2016,Growth Investment,100,96.81794195250659,NO
TATAMOTORS,Mar 2017,Growth Investment,100,131.034140203318,NO
TATAMOTORS,Mar 2018,Growth Investment,100,105.3736848723645,NO
TATAMOTORS,Mar 2019,Growth Investment,100,110.5182361971309,NO
TATAMOTORS,Mar 2020,Growth Investment,100,124.3382270116022,NO
TATAMOTORS,Mar 2021,Growth Investment,100,88.52108547981105,NO
TATAMOTORS,Mar 2022,Growth Investment,100,31.11391164321221,NO
TATAMOTORS,Mar 2023,Growth Investment,100,43.56561546286877,NO
TATAMOTORS,Mar 2024,Growth Investment,100,33.54487226680409,NO
TATAPOWER,Mar 2013,Growth Investment,100,122.5197808886184,NO
TATAPOWER,Mar 2014,Growth Investment,100,55.66867191115225,NO
TATAPOWER,Mar 2015,Growth Investment,100,64.62130078582177,NO
TATAPOWER,Mar 2016,Growth Investment,100,24.34254888739042,NO
TATAPOWER,Mar 2017,Growth Investment,100,105.1183347590533,NO
TATAPOWER,Mar 2018,Growth Investment,100,23.75864236329353,NO
TATAPOWER,Mar 2019,Growth Investment,100,5.94665500655881,NO
TATAPOWER,Mar 2020,Growth Investment,100,6.684745762711865,NO
TATAPOWER,Mar 2021,Stable,100,11.89934092270821,NO
TATAPOWER,Mar 2022,Growth Investment,100,93.38114447930674,NO
TATAPOWER,Mar 2023,Growth Investment,100,101.3536142897014,NO
TATAPOWER,Mar 2024,Growth Investment,100,71.66560812956494,NO
TATASTEEL,Mar 2013,Growth Investment,100,93.3309583184895,NO
TATASTEEL,Mar 2014,Growth Investment,100,116.9785486079416,NO
TATASTEEL,Mar 2015,Growth Investment,100,75.93434343434343,NO
TATASTEEL,Mar 2016,Growth Investment,100,76.76996944565691,NO
TATASTEEL,Mar 2017,Growth Investment,100,87.67553584626755,NO
TATASTEEL,Mar 2018,Growth Investment,100,146.204661597906,NO
TATASTEEL,Mar 2019,Growth Investment,100,115.1562993369119,NO
TATASTEEL,Mar 2020,Growth Investment,100,69.47295354256532,NO
TATASTEEL,Mar 2021,Growth Investment,100,21.2895075236312,NO
TATASTEEL,Mar 2022,Growth Investment,100,24.57132556724725,NO
TATASTEEL,Mar 2023,Growth Investment,100,83.83987455610385,NO
TATASTEEL,Mar 2024,Growth Investment,100,70.20836411999409,NO
TCS,Mar 2013,Growth Investment,100,51.9845027981059,NO
TCS,Mar 2014,Growth Investment,100,64.07701172801843,NO
TCS,Mar 2015,Growth Investment,100,9.32934069905519,NO
TCS,Mar 2016,Growth Investment,100,26.2180124548642,NO
TCS,Mar 2017,Growth Investment,100,66.9825159576577,NO
TCS,Mar 2018,Stable,100,12.38281405832369,NO
TCS,Mar 2019,Stable,100,5.753156366942958,NO
TCS,Mar 2020,Stable,100,27.70552071426365,NO
TCS,Mar 2021,Growth Investment,100,20.50409772692129,NO
TCS,Mar 2022,Growth Investment,100,1.847355378107086,NO
TCS,Mar 2023,Stable,100,1.305850113189563,NO
TCS,Mar 2024,Stable,100,13.73765167576345,NO
TECHM,Mar 2013,Growth Investment,100,72.74853801169591,NO
TECHM,Mar 2013,Growth Investment,100,72.74853801169591,NO
TECHM,Mar 2013,Growth Investment,100,72.74853801169591,NO
TECHM,Mar 2013,Growth Investment,100,72.74853801169591,NO
TECHM,Mar 2014,Stable,100,18.23308270676692,NO
TECHM,Mar 2014,Stable,100,18.23308270676692,NO
TECHM,Mar 2014,Stable,100,18.23308270676692,NO
TECHM,Mar 2014,Stable,100,18.23308270676692,NO
TECHM,Mar 2015,Growth Investment,100,76.18464052287581,NO
TECHM,Mar 2015,Growth Investment,100,76.18464052287581,NO
TECHM,Mar 2015,Growth Investment,100,76.18464052287581,NO
TECHM,Mar 2015,Growth Investment,100,76.18464052287581,NO
TECHM,Mar 2016,Growth Investment,100,46.31813834874083,NO
TECHM,Mar 2016,Growth Investment,100,46.31813834874083,NO
TECHM,Mar 2016,Growth Investment,100,46.31813834874083,NO
TECHM,Mar 2016,Growth Investment,100,46.31813834874083,NO
TECHM,Mar 2017,Growth Investment,100,71.06362073200688,NO
TECHM,Mar 2017,Growth Investment,100,71.06362073200688,NO
TECHM,Mar 2017,Growth Investment,100,71.06362073200688,NO
TECHM,Mar 2017,Growth Investment,100,71.06362073200688,NO
TECHM,Mar 2018,Growth Investment,100,93.3877321328081,NO
TECHM,Mar 2018,Growth Investment,100,93.3877321328081,NO
TECHM,Mar 2018,Growth Investment,100,93.3877321328081,NO
TECHM,Mar 2018,Growth Investment,100,93.3877321328081,NO
TECHM,Mar 2019,Growth Investment,100,47.47292418772563,NO
TECHM,Mar 2019,Growth Investment,100,47.47292418772563,NO
TECHM,Mar 2019,Growth Investment,100,47.47292418772563,NO
TECHM,Mar 2019,Growth Investment,100,47.47292418772563,NO
TECHM,Mar 2020,Stable,100,24.80495640201927,NO
TECHM,Mar 2020,Stable,100,24.80495640201927,NO
TECHM,Mar 2020,Stable,100,24.80495640201927,NO
TECHM,Mar 2020,Stable,100,24.80495640201927,NO
TECHM,Mar 2021,Growth Investment,100,67.12379540400296,NO
TECHM,Mar 2021,Growth Investment,100,67.12379540400296,NO
TECHM,Mar 2021,Growth Investment,100,67.12379540400296,NO
TECHM,Mar 2021,Growth Investment,100,67.12379540400296,NO
TECHM,Mar 2022,Stable,100,9.082308420056764,NO
TECHM,Mar 2022,Stable,100,9.082308420056764,NO
TECHM,Mar 2022,Stable,100,9.082308420056764,NO
TECHM,Mar 2022,Stable,100,9.082308420056764,NO
TECHM,Mar 2023,Growth Investment,100,4.055994256999282,NO
TECHM,Mar 2023,Growth Investment,100,4.055994256999282,NO
TECHM,Mar 2023,Growth Investment,100,4.055994256999282,NO
TECHM,Mar 2023,Growth Investment,100,4.055994256999282,NO
TECHM,Mar 2024,Growth Investment,100,20.67126725219574,NO
TECHM,Mar 2024,Growth Investment,100,20.67126725219574,NO
TECHM,Mar 2024,Growth Investment,100,20.67126725219574,NO
TECHM,Mar 2024,Growth Investment,100,20.67126725219574,NO
TITAN,Mar 2013,Growth Investment,100,25.67811934900542,NO
TITAN,Mar 2014,Financial Stress,40,48.82882882882883,YES
TITAN,Mar 2015,Growth Investment,100,23.45924453280318,NO
TITAN,Mar 2016,Growth Investment,100,27.60416666666667,NO
TITAN,Mar 2017,Growth Investment,100,55.66588785046729,NO
TITAN,Mar 2018,Stable,40,192.156862745098,YES
TITAN,Mar 2019,Growth Investment,100,64.11906677393404,NO
TITAN,Mar 2020,Stable,40,67.52873563218391,YES
TITAN,Mar 2021,Growth Investment,100,67.62503020053153,NO
TITAN,Mar 2022,Stable,40,160.9116022099448,NO
TITAN,Mar 2023,Growth Investment,100,132.4087591240876,NO
TITAN,Mar 2024,Growth Investment,100,11.15044247787611,NO
TORNTPHARM,Mar 2013,Growth Investment,100,161.437908496732,NO
TORNTPHARM,Mar 2014,Growth Investment,100,69.78297161936561,NO
TORNTPHARM,Mar 2015,Growth Investment,100,260.8641975308642,NO
TORNTPHARM,Mar 2016,Growth Investment,100,31.69219547775347,NO
TORNTPHARM,Mar 2017,Growth Investment,100,79.08820614469772,NO
TORNTPHARM,Mar 2018,Growth Investment,100,523.1543624161075,NO
TORNTPHARM,Mar 2019,Growth Investment,100,13.68186874304783,NO
TORNTPHARM,Mar 2020,Stable,100,16.43933955491745,NO
TORNTPHARM,Mar 2021,Growth Investment,100,22.14463840399003,NO
TORNTPHARM,Mar 2022,Growth Investment,100,10.87077093732668,NO
TORNTPHARM,Mar 2023,Growth Investment,100,98.60641891891892,NO
TORNTPHARM,Mar 2024,Growth Investment,100,4.898958971218616,NO
TRENT,Mar 2013,Growth Investment,100,890.3225806451612,NO
TRENT,Mar 2014,Stable,40,104.3478260869565,YES
TRENT,Mar 2015,Financial Stress,40,3060.0,YES
TRENT,Mar 2016,Growth Investment,100,89.90825688073394,NO
TRENT,Mar 2017,Growth Investment,100,43.13725490196079,NO
TRENT,Mar 2018,Growth Investment,100,5.194805194805195,NO
TRENT,Mar 2019,Growth Investment,100,176.1904761904762,NO
TRENT,Mar 2020,Growth Investment,100,224.0997229916898,NO
TRENT,Mar 2021,Stable,100,6.315789473684211,NO
TRENT,Mar 2022,Stable,100,96.55172413793103,NO
TRENT,Mar 2023,Growth Investment,100,17.3109243697479,NO
TRENT,Mar 2024,Growth Investment,100,37.65752409191994,NO
TVSMOTOR,Mar 2013,Growth Investment,100,25.86206896551724,NO
TVSMOTOR,Mar 2014,Growth Investment,100,50.0,NO
TVSMOTOR,Mar 2015,Growth Investment,100,500.0,NO
TVSMOTOR,Mar 2016,Growth Investment,100,64.63675213675214,NO
TVSMOTOR,Mar 2017,Growth Investment,100,102.9027576197388,NO
TVSMOTOR,Mar 2018,Growth Investment,100,309.3220338983051,NO
TVSMOTOR,Mar 2019,Financial Stress,40,120.2614379084967,NO
TVSMOTOR,Mar 2020,Growth Investment,100,292.2252010723861,NO
TVSMOTOR,Mar 2021,Growth Investment,100,76.62901824500435,NO
TVSMOTOR,Mar 2022,Financial Stress,40,93.3968253968254,NO
TVSMOTOR,Mar 2023,Financial Stress,40,29.69353007945517,NO
TVSMOTOR,Mar 2024,Financial Stress,40,79.88826815642457,NO
ULTRACEMCO,Mar 2013,Growth Investment,100,120.5638474295191,NO
ULTRACEMCO,Mar 2014,Growth Investment,100,67.78581765557163,NO
ULTRACEMCO,Mar 2015,Growth Investment,100,51.16945107398568,NO
ULTRACEMCO,Mar 2016,Growth Investment,100,81.1533362792753,NO
ULTRACEMCO,Mar 2017,Growth Investment,100,49.97002997002997,NO
ULTRACEMCO,Mar 2018,Stable,100,47.99382716049383,NO
ULTRACEMCO,Mar 2019,Stable,100,19.56010745466756,NO
ULTRACEMCO,Mar 2020,Growth Investment,100,46.72313865358894,NO
ULTRACEMCO,Mar 2021,Growth Investment,100,70.848,NO
ULTRACEMCO,Mar 2022,Stable,100,24.31326079931057,NO
ULTRACEMCO,Mar 2023,Growth Investment,100,79.2590142242805,NO
ULTRACEMCO,Mar 2024,Growth Investment,100,80.64782528904387,NO
UNIONBANK,Mar 2013,Financial Stress,40,8.080094228504123,NO
UNIONBANK,Mar 2014,Growth Investment,100,14.12451361867704,NO
UNIONBANK,Mar 2015,Financial Stress,40,8.915054667788057,YES
UNIONBANK,Mar 2016,Growth Investment,100,11.11111111111111,NO
UNIONBANK,Mar 2017,Financial Stress,40,4.227053140096618,NO
UNIONBANK,Mar 2018,Growth Investment,100,5.166475315729048,NO
UNIONBANK,Mar 2019,Financial Stress,40,3.818462329647724,YES
UNIONBANK,Mar 2020,Financial Stress,40,5.194805194805195,NO
UNIONBANK,Mar 2021,Growth Investment,100,2.927851122911287,NO
UNIONBANK,Mar 2022,Growth Investment,100,1.535540328572608,NO
UNIONBANK,Mar 2023,Growth Investment,100,42.28863936591809,NO
UNIONBANK,Mar 2024,Growth Investment,100,6.99448068238836,NO
UNITDSPR,Mar 2013,Growth Investment,100,56.93245302183849,NO
UNITDSPR,Mar 2014,Financial Stress,40,45.65217391304348,NO
UNITDSPR,Mar 2015,Stable,40,1966.836734693878,YES
UNITDSPR,Mar 2016,Stable,100,259.0106007067138,NO
UNITDSPR,Mar 2017,Growth Investment,100,35.08500772797527,NO
UNITDSPR,Mar 2018,Stable,100,11.24324324324324,NO
UNITDSPR,Mar 2019,Growth Investment,100,6.962025316455696,NO
UNITDSPR,Mar 2020,Growth Investment,100,24.7765006385696,NO
UNITDSPR,Mar 2021,Growth Investment,100,5.445544554455446,NO
UNITDSPR,Mar 2022,Growth Investment,100,32.03684749232344,NO
UNITDSPR,Mar 2023,Growth Investment,100,8.94308943089431,NO
UNITDSPR,Mar 2024,Stable,100,20.21466905187835,NO
VBL,Dec 2012,Growth Investment,100,181.0714285714286,NO
VBL,Dec 2013,Growth Investment,100,193.2659932659933,NO
VBL,Dec 2014,Growth Investment,100,116.0092807424594,NO
VBL,Dec 2015,Growth Investment,100,54.05405405405406,NO
VBL,Dec 2016,Growth Investment,100,126.8765133171913,NO
VBL,Dec 2017,Growth Investment,100,120.3225806451613,NO
VBL,Dec 2018,Growth Investment,100,93.7,NO
VBL,Dec 2019,Growth Investment,100,177.3700305810397,NO
VBL,Dec 2020,Growth Investment,100,46.6403162055336,NO
VBL,Dec 2021,Growth Investment,100,81.88464662875711,NO
VBL,Dec 2022,Growth Investment,100,98.8268156424581,NO
VBL,Dec 2023,Growth Investment,100,137.5156838143036,NO
VEDL,Mar 2013,Growth Investment,100,1413.636363636364,NO
VEDL,Mar 2014,Growth Investment,100,18.52445356066919,NO
VEDL,Mar 2015,Growth Investment,100,23.21258073574839,NO
VEDL,Mar 2016,Growth Investment,100,38.61216076949502,NO
VEDL,Mar 2017,Stable,100,14.82607974340541,NO
VEDL,Mar 2018,Stable,100,89.13969826096971,NO
VEDL,Mar 2019,Growth Investment,100,44.59880441188852,NO
VEDL,Mar 2020,Growth Investment,100,30.69948186528497,NO
VEDL,Mar 2021,Growth Investment,100,27.84820683903252,NO
VEDL,Mar 2022,Growth Investment,100,6.415353373566342,NO
VEDL,Mar 2023,Growth Investment,100,2.020263118100711,NO
VEDL,Mar 2024,Growth Investment,100,38.35754754024794,NO
WIPRO,Mar 2013,Growth Investment,100,70.94150766343446,NO
WIPRO,Mar 2014,Growth Investment,100,4.18262150220913,NO
WIPRO,Mar 2015,Growth Investment,100,32.35969387755102,NO
WIPRO,Mar 2016,Growth Investment,100,174.4769874476987,NO
WIPRO,Mar 2017,Growth Investment,100,126.872911501563,NO
WIPRO,Mar 2018,Stable,100,42.68075507538882,NO
WIPRO,Mar 2019,Stable,100,43.54367262723521,NO
WIPRO,Mar 2020,Stable,100,35.70151033386328,NO
WIPRO,Mar 2021,Stable,100,4.642494069806845,NO
WIPRO,Mar 2022,Growth Investment,100,201.4530685920578,NO
WIPRO,Mar 2023,Growth Investment,100,62.54977029096478,NO
WIPRO,Mar 2024,Stable,100,6.491885143570538,NO
ZOMATO,Mar 2020,Financial Stress,40,81.15671641791045,YES
ZOMATO,Mar 2021,Financial Stress,40,515.2259332023575,NO
ZOMATO,Mar 2022,Financial Stress,40,1150.21645021645,NO
ZOMATO,Mar 2023,Stable,40,94.43127962085308,YES
ZOMATO,Mar 2024,Growth Investment,100,53.86996904024768,NO
ZYDUSLIFE,Mar 2013,Growth Investment,100,113.1011608623549,NO
ZYDUSLIFE,Mar 2014,Growth Investment,100,48.50498338870432,NO
ZYDUSLIFE,Mar 2015,Growth Investment,100,46.78068410462777,NO
ZYDUSLIFE,Mar 2016,Growth Investment,100,45.4065469904963,NO
ZYDUSLIFE,Mar 2017,Growth Investment,100,218.9024390243902,NO
ZYDUSLIFE,Mar 2018,Growth Investment,100,105.9847660500544,NO
ZYDUSLIFE,Mar 2019,Growth Investment,100,310.2184087363494,NO
ZYDUSLIFE,Mar 2020,Growth Investment,100,34.24283765347885,NO
ZYDUSLIFE,Mar 2021,Growth Investment,100,25.40983606557377,NO
ZYDUSLIFE,Mar 2022,Growth Investment,100,48.38403041825095,NO
ZYDUSLIFE,Mar 2023,Stable,100,57.34473782075121,NO
ZYDUSLIFE,Mar 2024,Growth Investment,100,46.22057001239158,NO
