company_id,year,capital_allocation_label
TCS,Mar-13,Growth Investment
TCS,Mar-14,Growth Investment
TCS,Mar-15,Growth Investment
TCS,Mar-16,Growth Investment
TCS,Mar-17,Growth Investment
TCS,Mar-18,Stable
TCS,Mar-19,Stable
TCS,Mar-20,Stable
TCS,Mar-21,Growth Investment
TCS,Mar-22,Growth Investment
TCS,Mar-23,Stable
TCS,Mar-24,Stable
ABB,Dec 2012,Growth Investment
ABB,Mar 2014,Growth Investment
ABB,Mar 2015,Growth Investment
ABB,Mar 2016,Growth Investment
ABB,Mar 2017,Growth Investment
ABB,Mar 2018,Growth Investment
ABB,Mar 2019,Growth Investment
ABB,Mar 2020,Growth Investment
ABB,Mar 2021,Growth Investment
ABB,Mar 2022,Growth Investment
ABB,Mar 2023,Growth Investment
ABB,Mar 2024,Growth Investment
ABB,Mar 2014,Stable
ABB,Mar 2015,Financial Stress
ABB,Mar 2016,Growth Investment
ABB,Mar 2017,Growth Investment
ABB,Mar 2018,Growth Investment
ABB,Mar 2019,Growth Investment
ABB,Mar 2020,Growth Investment
ABB,Mar 2021,Growth Investment
ABB,Mar 2022,Growth Investment
ABB,Mar 2023,Growth Investment
ABB,Mar 2024,Growth Investment
ADANIENSOL,Mar 2014,Stable
ADANIENSOL,Mar 2015,Financial Stress
ADANIENSOL,Mar 2016,Growth Investment
ADANIENSOL,Mar 2017,Growth Investment
ADANIENSOL,Mar 2018,Growth Investment
ADANIENSOL,Mar 2019,Growth Investment
ADANIENSOL,Mar 2020,Growth Investment
ADANIENSOL,Mar 2021,Growth Investment
ADANIENSOL,Mar 2022,Growth Investment
ADANIENSOL,Mar 2023,Growth Investment
ADANIENSOL,Mar 2024,Growth Investment
ADANIENT,Mar 2013,Growth Investment
ADANIENT,Mar 2014,Growth Investment
ADANIENT,Mar 2015,Growth Investment
ADANIENT,Mar 2016,Growth Investment
ADANIENT,Mar 2017,Growth Investment
ADANIENT,Mar 2018,Growth Investment
ADANIENT,Mar 2019,Stable
ADANIENT,Mar 2020,Growth Investment
ADANIENT,Mar 2021,Growth Investment
ADANIENT,Mar 2022,Growth Investment
ADANIENT,Mar 2023,Growth Investment
ADANIENT,Mar 2024,Growth Investment
ADANIGREEN,Mar 2017,Growth Investment
ADANIGREEN,Mar 2018,Growth Investment
ADANIGREEN,Mar 2019,Growth Investment
ADANIGREEN,Mar 2020,Growth Investment
ADANIGREEN,Mar 2021,Growth Investment
ADANIGREEN,Mar 2022,Growth Investment
ADANIGREEN,Mar 2023,Growth Investment
ADANIGREEN,Mar 2024,Growth Investment
ADANIPORTS,Mar 2013,Growth Investment
ADANIPORTS,Mar 2014,Growth Investment
ADANIPORTS,Mar 2015,Growth Investment
ADANIPORTS,Mar 2016,Growth Investment
ADANIPORTS,Mar 2017,Growth Investment
ADANIPORTS,Mar 2018,Growth Investment
ADANIPORTS,Mar 2019,Growth Investment
ADANIPORTS,Mar 2020,Growth Investment
ADANIPORTS,Mar 2021,Growth Investment
ADANIPORTS,Mar 2022,Growth Investment
ADANIPORTS,Mar 2023,Growth Investment
ADANIPORTS,Mar 2024,Growth Investment
ADANIPOWER,Mar 2013,Growth Investment
ADANIPOWER,Mar 2014,Growth Investment
ADANIPOWER,Mar 2015,Growth Investment
ADANIPOWER,Mar 2016,Growth Investment
ADANIPOWER,Mar 2017,Growth Investment
ADANIPOWER,Mar 2018,Growth Investment
ADANIPOWER,Mar 2019,Growth Investment
ADANIPOWER,Mar 2020,Growth Investment
ADANIPOWER,Mar 2021,Growth Investment
ADANIPOWER,Mar 2022,Stable
ADANIPOWER,Mar 2023,Stable
ADANIPOWER,Mar 2024,Stable
AMBUJACEM,Dec 2012,Growth Investment
AMBUJACEM,Dec 2013,Growth Investment
AMBUJACEM,Dec 2014,Growth Investment
AMBUJACEM,Dec 2015,Growth Investment
AMBUJACEM,Dec 2016,Growth Investment
AMBUJACEM,Dec 2017,Growth Investment
AMBUJACEM,Dec 2018,Growth Investment
AMBUJACEM,Dec 2019,Growth Investment
AMBUJACEM,Dec 2020,Growth Investment
AMBUJACEM,Dec 2021,Growth Investment
AMBUJACEM,Mar 2023,Growth Investment
AMBUJACEM,Mar 2024,Growth Investment
APOLLOHOSP,Mar 2013,Growth Investment
APOLLOHOSP,Mar 2014,Growth Investment
APOLLOHOSP,Mar 2015,Growth Investment
APOLLOHOSP,Mar 2016,Growth Investment
APOLLOHOSP,Mar 2017,Growth Investment
APOLLOHOSP,Mar 2018,Growth Investment
APOLLOHOSP,Mar 2019,Growth Investment
APOLLOHOSP,Mar 2020,Growth Investment
APOLLOHOSP,Mar 2021,Growth Investment
APOLLOHOSP,Mar 2022,Growth Investment
APOLLOHOSP,Mar 2023,Growth Investment
APOLLOHOSP,Mar 2024,Growth Investment
ASIANPAINT,Mar 2013,Growth Investment
ASIANPAINT,Mar 2013,Growth Investment
ASIANPAINT,Mar 2013,Growth Investment
ASIANPAINT,Mar 2013,Growth Investment
ASIANPAINT,Mar 2014,Growth Investment
ASIANPAINT,Mar 2014,Growth Investment
ASIANPAINT,Mar 2014,Growth Investment
ASIANPAINT,Mar 2014,Growth Investment
ASIANPAINT,Mar 2015,Growth Investment
ASIANPAINT,Mar 2015,Growth Investment
ASIANPAINT,Mar 2015,Growth Investment
ASIANPAINT,Mar 2015,Growth Investment
ASIANPAINT,Mar 2016,Growth Investment
ASIANPAINT,Mar 2016,Growth Investment
ASIANPAINT,Mar 2016,Growth Investment
ASIANPAINT,Mar 2016,Growth Investment
ASIANPAINT,Mar 2017,Growth Investment
ASIANPAINT,Mar 2017,Growth Investment
ASIANPAINT,Mar 2017,Growth Investment
ASIANPAINT,Mar 2017,Growth Investment
ASIANPAINT,Mar 2018,Growth Investment
ASIANPAINT,Mar 2018,Growth Investment
ASIANPAINT,Mar 2018,Growth Investment
ASIANPAINT,Mar 2018,Growth Investment
ASIANPAINT,Mar 2019,Growth Investment
ASIANPAINT,Mar 2019,Growth Investment
ASIANPAINT,Mar 2019,Growth Investment
ASIANPAINT,Mar 2019,Growth Investment
ASIANPAINT,Mar 2020,Growth Investment
ASIANPAINT,Mar 2020,Growth Investment
ASIANPAINT,Mar 2020,Growth Investment
ASIANPAINT,Mar 2020,Growth Investment
ASIANPAINT,Mar 2021,Growth Investment
ASIANPAINT,Mar 2021,Growth Investment
ASIANPAINT,Mar 2021,Growth Investment
ASIANPAINT,Mar 2021,Growth Investment
ASIANPAINT,Mar 2022,Growth Investment
ASIANPAINT,Mar 2022,Growth Investment
ASIANPAINT,Mar 2022,Growth Investment
ASIANPAINT,Mar 2022,Growth Investment
ASIANPAINT,Mar 2023,Growth Investment
ASIANPAINT,Mar 2023,Growth Investment
ASIANPAINT,Mar 2023,Growth Investment
ASIANPAINT,Mar 2023,Growth Investment
ASIANPAINT,Mar 2024,Growth Investment
ASIANPAINT,Mar 2024,Growth Investment
ASIANPAINT,Mar 2024,Growth Investment
ASIANPAINT,Mar 2024,Growth Investment
AGTL,Mar 2018,Growth Investment
AGTL,Mar 2019,Stable
AGTL,Mar 2020,Growth Investment
AGTL,Mar 2021,Growth Investment
AGTL,Mar 2022,Growth Investment
AGTL,Mar 2023,Growth Investment
AGTL,Mar 2024,Growth Investment
AXISBANK,Mar 2013,Growth Investment
AXISBANK,Mar 2014,Growth Investment
AXISBANK,Mar 2015,Financial Stress
AXISBANK,Mar 2016,Financial Stress
AXISBANK,Mar 2017,Growth Investment
AXISBANK,Mar 2018,Financial Stress
AXISBANK,Mar 2019,Growth Investment
AXISBANK,Mar 2020,Growth Investment
AXISBANK,Mar 2021,Growth Investment
AXISBANK,Mar 2022,Growth Investment
AXISBANK,Mar 2023,Growth Investment
AXISBANK,Mar 2024,Financial Stress
BAJAJ-AUTO,Mar 2013,Growth Investment
BAJAJ-AUTO,Mar 2014,Growth Investment
BAJAJ-AUTO,Mar 2015,Growth Investment
BAJAJ-AUTO,Mar 2016,Growth Investment
BAJAJ-AUTO,Mar 2017,Growth Investment
BAJAJ-AUTO,Mar 2018,Growth Investment
BAJAJ-AUTO,Mar 2019,Growth Investment
BAJAJ-AUTO,Mar 2020,Stable
BAJAJ-AUTO,Mar 2021,Growth Investment
BAJAJ-AUTO,Mar 2022,Stable
BAJAJ-AUTO,Mar 2023,Stable
BAJAJ-AUTO,Mar 2024,Growth Investment
BAJAJ-AUTO,Mar 2013,Growth Investment
BAJAJ-AUTO,Mar 2014,Growth Investment
BAJAJ-AUTO,Mar 2015,Growth Investment
BAJAJ-AUTO,Mar 2016,Growth Investment
BAJAJ-AUTO,Mar 2017,Growth Investment
BAJAJ-AUTO,Mar 2018,Growth Investment
BAJAJ-AUTO,Mar 2019,Growth Investment
BAJAJ-AUTO,Mar 2020,Stable
BAJAJ-AUTO,Mar 2021,Growth Investment
BAJAJ-AUTO,Mar 2022,Stable
BAJAJ-AUTO,Mar 2023,Stable
BAJAJ-AUTO,Mar 2024,Growth Investment
BAJAJFINSV,Mar 2013,Financial Stress
BAJAJFINSV,Mar 2014,Financial Stress
BAJAJFINSV,Mar 2015,Financial Stress
BAJAJFINSV,Mar 2016,Financial Stress
BAJAJFINSV,Mar 2017,Financial Stress
BAJAJFINSV,Mar 2018,Financial Stress
BAJAJFINSV,Mar 2019,Financial Stress
BAJAJFINSV,Mar 2020,Financial Stress
BAJAJFINSV,Mar 2021,Growth Investment
BAJAJFINSV,Mar 2022,Financial Stress
BAJAJFINSV,Mar 2023,Financial Stress
BAJAJFINSV,Mar 2024,Financial Stress
BAJAJHLDNG,Mar 2013,Growth Investment
BAJAJHLDNG,Mar 2014,Growth Investment
BAJAJHLDNG,Mar 2015,Growth Investment
BAJAJHLDNG,Mar 2016,Stable
BAJAJHLDNG,Mar 2017,Stable
BAJAJHLDNG,Mar 2018,Growth Investment
BAJAJHLDNG,Mar 2019,Growth Investment
BAJAJHLDNG,Mar 2020,Growth Investment
BAJAJHLDNG,Mar 2021,Growth Investment
BAJAJHLDNG,Mar 2022,Growth Investment
BAJAJHLDNG,Mar 2023,Growth Investment
BAJAJHLDNG,Mar 2024,Growth Investment
BAJFINANCE,Mar 2015,Financial Stress
BAJFINANCE,Mar 2016,Financial Stress
BAJFINANCE,Mar 2017,Financial Stress
BAJFINANCE,Mar 2018,Financial Stress
BAJFINANCE,Mar 2019,Financial Stress
BAJFINANCE,Mar 2020,Financial Stress
BAJFINANCE,Mar 2021,Financial Stress
BAJFINANCE,Mar 2022,Financial Stress
BAJFINANCE,Mar 2023,Financial Stress
BAJFINANCE,Mar 2024,Financial Stress
BANKBARODA,Mar 2013,Growth Investment
BANKBARODA,Mar 2014,Growth Investment
BANKBARODA,Mar 2015,Growth Investment
BANKBARODA,Mar 2016,Stable
BANKBARODA,Mar 2017,Growth Investment
BANKBARODA,Mar 2018,Financial Stress
BANKBARODA,Mar 2019,Financial Stress
BANKBARODA,Mar 2020,Growth Investment
BANKBARODA,Mar 2021,Stable
BANKBARODA,Mar 2022,Growth Investment
BANKBARODA,Mar 2023,Stable
BANKBARODA,Mar 2024,Financial Stress
BEL,Mar 2013,Stable
BEL,Mar 2014,Stable
BEL,Mar 2015,Growth Investment
BEL,Mar 2016,Growth Investment
BEL,Mar 2017,Stable
BEL,Mar 2018,Stable
BEL,Mar 2019,Growth Investment
BEL,Mar 2020,Growth Investment
BEL,Mar 2021,Growth Investment
BEL,Mar 2022,Growth Investment
BEL,Mar 2023,Stable
BEL,Mar 2024,Growth Investment
BHARTIARTL,Mar 2013,Growth Investment
BHARTIARTL,Mar 2014,Growth Investment
BHARTIARTL,Mar 2015,Growth Investment
BHARTIARTL,Mar 2016,Growth Investment
BHARTIARTL,Mar 2017,Growth Investment
BHARTIARTL,Mar 2018,Growth Investment
BHARTIARTL,Mar 2019,Growth Investment
BHARTIARTL,Mar 2020,Growth Investment
BHARTIARTL,Mar 2021,Growth Investment
BHARTIARTL,Mar 2022,Growth Investment
BHARTIARTL,Mar 2023,Growth Investment
BHARTIARTL,Mar 2024,Growth Investment
BHEL,Mar 2013,Growth Investment
BHEL,Mar 2014,Growth Investment
BHEL,Mar 2015,Stable
BHEL,Mar 2016,Stable
BHEL,Mar 2017,Growth Investment
BHEL,Mar 2018,Stable
BHEL,Mar 2019,Stable
BHEL,Mar 2020,Financial Stress
BHEL,Mar 2021,Growth Investment
BHEL,Mar 2022,Growth Investment
BHEL,Mar 2023,Financial Stress
BHEL,Mar 2024,Financial Stress
BOSCHLTD,Dec 2012,Growth Investment
BOSCHLTD,Dec 2013,Growth Investment
BOSCHLTD,Mar 2015,Growth Investment
BOSCHLTD,Mar 2016,Growth Investment
BOSCHLTD,Mar 2017,Stable
BOSCHLTD,Mar 2018,Growth Investment
BOSCHLTD,Mar 2019,Stable
BOSCHLTD,Mar 2020,Growth Investment
BOSCHLTD,Mar 2021,Growth Investment
BOSCHLTD,Mar 2022,Growth Investment
BOSCHLTD,Mar 2023,Stable
BOSCHLTD,Mar 2024,Stable
BPCL,Mar 2013,Growth Investment
BPCL,Mar 2014,Growth Investment
BPCL,Mar 2015,Growth Investment
BPCL,Mar 2016,Growth Investment
BPCL,Mar 2017,Growth Investment
BPCL,Mar 2018,Growth Investment
BPCL,Mar 2019,Growth Investment
BPCL,Mar 2020,Growth Investment
BPCL,Mar 2021,Growth Investment
BPCL,Mar 2022,Growth Investment
BPCL,Mar 2023,Growth Investment
BPCL,Mar 2024,Growth Investment
BRITANNIA,Mar 2013,Stable
BRITANNIA,Mar 2014,Growth Investment
BRITANNIA,Mar 2015,Growth Investment
BRITANNIA,Mar 2016,Growth Investment
BRITANNIA,Mar 2017,Growth Investment
BRITANNIA,Mar 2018,Growth Investment
BRITANNIA,Mar 2019,Growth Investment
BRITANNIA,Mar 2020,Growth Investment
BRITANNIA,Mar 2021,Stable
BRITANNIA,Mar 2022,Stable
BRITANNIA,Mar 2023,Growth Investment
BRITANNIA,Mar 2024,Stable
CANBK,Mar 2013,Growth Investment
CANBK,Mar 2014,Growth Investment
CANBK,Mar 2015,Growth Investment
CANBK,Mar 2016,Growth Investment
CANBK,Mar 2017,Growth Investment
CANBK,Mar 2018,Financial Stress
CANBK,Mar 2019,Growth Investment
CANBK,Mar 2020,Financial Stress
CANBK,Mar 2021,Growth Investment
CANBK,Mar 2022,Growth Investment
CANBK,Mar 2023,Financial Stress
CANBK,Mar 2024,Growth Investment
CHOLAFIN,Mar 2013,Financial Stress
CHOLAFIN,Mar 2014,Financial Stress
CHOLAFIN,Mar 2015,Financial Stress
CHOLAFIN,Mar 2016,Financial Stress
CHOLAFIN,Mar 2017,Financial Stress
CHOLAFIN,Mar 2018,Financial Stress
CHOLAFIN,Mar 2019,Financial Stress
CHOLAFIN,Mar 2020,Financial Stress
CHOLAFIN,Mar 2021,Financial Stress
CHOLAFIN,Mar 2022,Financial Stress
CHOLAFIN,Mar 2023,Financial Stress
CHOLAFIN,Mar 2024,Financial Stress
CIPLA,Mar 2013,Growth Investment
CIPLA,Mar 2014,Growth Investment
CIPLA,Mar 2015,Growth Investment
CIPLA,Mar 2016,Growth Investment
CIPLA,Mar 2017,Growth Investment
CIPLA,Mar 2018,Growth Investment
CIPLA,Mar 2019,Growth Investment
CIPLA,Mar 2020,Stable
CIPLA,Mar 2021,Growth Investment
CIPLA,Mar 2022,Growth Investment
CIPLA,Mar 2023,Growth Investment
CIPLA,Mar 2024,Growth Investment
COALINDIA,Mar 2013,Growth Investment
COALINDIA,Mar 2014,Stable
COALINDIA,Mar 2015,Stable
COALINDIA,Mar 2016,Stable
COALINDIA,Mar 2017,Stable
COALINDIA,Mar 2018,Growth Investment
COALINDIA,Mar 2019,Growth Investment
COALINDIA,Mar 2020,Stable
COALINDIA,Mar 2021,Stable
COALINDIA,Mar 2022,Growth Investment
COALINDIA,Mar 2023,Growth Investment
COALINDIA,Mar 2024,Growth Investment
DABUR,Mar 2013,Growth Investment
DABUR,Mar 2014,Growth Investment
DABUR,Mar 2015,Growth Investment
DABUR,Mar 2016,Growth Investment
DABUR,Mar 2017,Growth Investment
DABUR,Mar 2018,Growth Investment
DABUR,Mar 2019,Stable
DABUR,Mar 2020,Growth Investment
DABUR,Mar 2021,Growth Investment
DABUR,Mar 2022,Growth Investment
DABUR,Mar 2023,Growth Investment
DABUR,Mar 2024,Growth Investment
DIVISLAB,Mar 2013,Growth Investment
DIVISLAB,Mar 2014,Growth Investment
DIVISLAB,Mar 2015,Growth Investment
DIVISLAB,Mar 2016,Growth Investment
DIVISLAB,Mar 2017,Growth Investment
DIVISLAB,Mar 2018,Growth Investment
DIVISLAB,Mar 2019,Growth Investment
DIVISLAB,Mar 2020,Growth Investment
DIVISLAB,Mar 2021,Stable
DIVISLAB,Mar 2022,Growth Investment
DIVISLAB,Mar 2023,Growth Investment
DIVISLAB,Mar 2024,Growth Investment
DLF,Mar 2013,Stable
DLF,Mar 2014,Stable
DLF,Mar 2015,Stable
DLF,Mar 2016,Growth Investment
DLF,Mar 2017,Financial Stress
DLF,Mar 2018,Growth Investment
DLF,Mar 2019,Stable
DLF,Mar 2020,Stable
DLF,Mar 2021,Stable
DLF,Mar 2022,Stable
DLF,Mar 2023,Growth Investment
DLF,Mar 2024,Growth Investment
DMART,Mar 2013,Growth Investment
DMART,Mar 2014,Growth Investment
DMART,Mar 2015,Growth Investment
DMART,Mar 2016,Growth Investment
DMART,Mar 2017,Growth Investment
DMART,Mar 2018,Stable
DMART,Mar 2019,Growth Investment
DMART,Mar 2020,Growth Investment
DMART,Mar 2021,Growth Investment
DMART,Mar 2022,Growth Investment
DMART,Mar 2023,Growth Investment
DMART,Mar 2024,Growth Investment
DRREDDY,Mar 2013,Growth Investment
DRREDDY,Mar 2014,Growth Investment
DRREDDY,Mar 2015,Growth Investment
DRREDDY,Mar 2016,Growth Investment
DRREDDY,Mar 2017,Growth Investment
DRREDDY,Mar 2018,Growth Investment
DRREDDY,Mar 2019,Growth Investment
DRREDDY,Mar 2020,Growth Investment
DRREDDY,Mar 2021,Growth Investment
DRREDDY,Mar 2022,Growth Investment
DRREDDY,Mar 2023,Growth Investment
DRREDDY,Mar 2024,Growth Investment
EICHERMOT,Dec 2012,Growth Investment
EICHERMOT,Dec 2013,Growth Investment
EICHERMOT,Dec 2014,Growth Investment
EICHERMOT,Mar 2016,Growth Investment
EICHERMOT,Mar 2017,Growth Investment
EICHERMOT,Mar 2018,Growth Investment
EICHERMOT,Mar 2019,Growth Investment
EICHERMOT,Mar 2020,Growth Investment
EICHERMOT,Mar 2021,Growth Investment
EICHERMOT,Mar 2022,Growth Investment
EICHERMOT,Mar 2023,Growth Investment
EICHERMOT,Mar 2024,Growth Investment
GAIL,Mar 2013,Growth Investment
GAIL,Mar 2014,Growth Investment
GAIL,Mar 2015,Growth Investment
GAIL,Mar 2016,Growth Investment
GAIL,Mar 2017,Growth Investment
GAIL,Mar 2018,Growth Investment
GAIL,Mar 2019,Growth Investment
GAIL,Mar 2020,Growth Investment
GAIL,Mar 2021,Growth Investment
GAIL,Mar 2022,Growth Investment
GAIL,Mar 2023,Growth Investment
GAIL,Mar 2024,Growth Investment
GODREJCP,Mar 2013,Growth Investment
GODREJCP,Mar 2014,Growth Investment
GODREJCP,Mar 2015,Growth Investment
GODREJCP,Mar 2016,Growth Investment
GODREJCP,Mar 2017,Growth Investment
GODREJCP,Mar 2018,Growth Investment
GODREJCP,Mar 2019,Stable
GODREJCP,Mar 2020,Growth Investment
GODREJCP,Mar 2021,Growth Investment
GODREJCP,Mar 2022,Growth Investment
GODREJCP,Mar 2023,Growth Investment
GODREJCP,Mar 2024,Growth Investment
GRASIM,Mar 2013,Growth Investment
GRASIM,Mar 2014,Growth Investment
GRASIM,Mar 2015,Growth Investment
GRASIM,Mar 2016,Growth Investment
GRASIM,Mar 2017,Growth Investment
GRASIM,Mar 2018,Financial Stress
GRASIM,Mar 2019,Financial Stress
GRASIM,Mar 2020,Growth Investment
GRASIM,Mar 2021,Growth Investment
GRASIM,Mar 2022,Growth Investment
GRASIM,Mar 2023,Financial Stress
GRASIM,Mar 2024,Financial Stress
HAL,Mar 2017,Stable
HAL,Mar 2018,Stable
HAL,Mar 2019,Financial Stress
HAL,Mar 2020,Growth Investment
HAL,Mar 2021,Growth Investment
HAL,Mar 2022,Growth Investment
HAL,Mar 2023,Growth Investment
HAL,Mar 2024,Growth Investment
HAVELLS,Mar 2013,Growth Investment
HAVELLS,Mar 2014,Growth Investment
HAVELLS,Mar 2015,Growth Investment
HAVELLS,Mar 2016,Growth Investment
HAVELLS,Mar 2017,Growth Investment
HAVELLS,Mar 2018,Growth Investment
HAVELLS,Mar 2019,Stable
HAVELLS,Mar 2020,Growth Investment
HAVELLS,Mar 2021,Growth Investment
HAVELLS,Mar 2022,Growth Investment
HAVELLS,Mar 2023,Stable
HAVELLS,Mar 2024,Growth Investment
HCLTECH,Jun 2013,Growth Investment
HCLTECH,Jun 2014,Growth Investment
HCLTECH,Jun 2015,Growth Investment
HCLTECH,Mar 2016,Growth Investment
HCLTECH,Mar 2017,Growth Investment
HCLTECH,Mar 2018,Growth Investment
HCLTECH,Mar 2019,Growth Investment
HCLTECH,Mar 2020,Growth Investment
HCLTECH,Mar 2021,Growth Investment
HCLTECH,Mar 2022,Stable
HCLTECH,Mar 2023,Growth Investment
HCLTECH,Mar 2024,Growth Investment
HDFCBANK,Mar 2013,Financial Stress
HDFCBANK,Mar 2014,Growth Investment
HDFCBANK,Mar 2015,Financial Stress
HDFCBANK,Mar 2016,Financial Stress
HDFCBANK,Mar 2017,Growth Investment
HDFCBANK,Mar 2018,Growth Investment
HDFCBANK,Mar 2019,Financial Stress
HDFCBANK,Mar 2020,Financial Stress
HDFCBANK,Mar 2021,Growth Investment
HDFCBANK,Mar 2022,Financial Stress
HDFCBANK,Mar 2023,Growth Investment
HDFCBANK,Mar 2024,Stable
HDFCLIFE,Mar 2013,Stable
HDFCLIFE,Mar 2014,Stable
HDFCLIFE,Mar 2015,Growth Investment
HDFCLIFE,Mar 2016,Growth Investment
HDFCLIFE,Mar 2017,Growth Investment
HDFCLIFE,Mar 2018,Growth Investment
HDFCLIFE,Mar 2019,Growth Investment
HDFCLIFE,Mar 2020,Growth Investment
HDFCLIFE,Mar 2021,Growth Investment
HDFCLIFE,Mar 2022,Growth Investment
HDFCLIFE,Mar 2023,Growth Investment
HDFCLIFE,Mar 2024,Growth Investment
HEROMOTOCO,Mar 2014,Growth Investment
HEROMOTOCO,Mar 2015,Stable
HEROMOTOCO,Mar 2016,Growth Investment
HEROMOTOCO,Mar 2017,Growth Investment
HEROMOTOCO,Mar 2018,Growth Investment
HEROMOTOCO,Mar 2019,Stable
HEROMOTOCO,Mar 2020,Growth Investment
HEROMOTOCO,Mar 2021,Growth Investment
HEROMOTOCO,Mar 2022,Growth Investment
HEROMOTOCO,Mar 2023,Growth Investment
HEROMOTOCO,Mar 2024,Growth Investment
HINDALCO,Mar 2013,Growth Investment
HINDALCO,Mar 2014,Growth Investment
HINDALCO,Mar 2015,Growth Investment
HINDALCO,Mar 2016,Growth Investment
HINDALCO,Mar 2017,Growth Investment
HINDALCO,Mar 2018,Stable
HINDALCO,Mar 2019,Growth Investment
HINDALCO,Mar 2020,Growth Investment
HINDALCO,Mar 2021,Growth Investment
HINDALCO,Mar 2022,Growth Investment
HINDALCO,Mar 2023,Growth Investment
HINDALCO,Mar 2024,Growth Investment
HINDUNILVR,Mar 2013,Stable
HINDUNILVR,Mar 2014,Growth Investment
HINDUNILVR,Mar 2015,Stable
HINDUNILVR,Mar 2016,Growth Investment
HINDUNILVR,Mar 2017,Growth Investment
HINDUNILVR,Mar 2018,Growth Investment
HINDUNILVR,Mar 2019,Growth Investment
HINDUNILVR,Mar 2020,Stable
HINDUNILVR,Mar 2021,Growth Investment
HINDUNILVR,Mar 2022,Growth Investment
HINDUNILVR,Mar 2023,Growth Investment
HINDUNILVR,Mar 2024,Growth Investment
ICICIBANK,Mar 2013,Growth Investment
ICICIBANK,Mar 2014,Growth Investment
ICICIBANK,Mar 2015,Financial Stress
ICICIBANK,Mar 2016,Growth Investment
ICICIBANK,Mar 2017,Growth Investment
ICICIBANK,Mar 2018,Growth Investment
ICICIBANK,Mar 2019,Growth Investment
ICICIBANK,Mar 2020,Growth Investment
ICICIBANK,Mar 2021,Growth Investment
ICICIBANK,Mar 2022,Growth Investment
ICICIBANK,Mar 2023,Financial Stress
ICICIBANK,Mar 2024,Growth Investment
ICICIGI,Mar 2013,Growth Investment
ICICIGI,Mar 2014,Growth Investment
ICICIGI,Mar 2015,Stable
ICICIGI,Mar 2016,Growth Investment
ICICIGI,Mar 2017,Growth Investment
ICICIGI,Mar 2018,Growth Investment
ICICIGI,Mar 2019,Growth Investment
ICICIGI,Mar 2020,Growth Investment
ICICIGI,Mar 2021,Growth Investment
ICICIGI,Mar 2022,Stable
ICICIGI,Mar 2023,Growth Investment
ICICIGI,Mar 2024,Growth Investment
ICICIPRULI,Mar 2013,Stable
ICICIPRULI,Mar 2014,Stable
ICICIPRULI,Mar 2015,Growth Investment
ICICIPRULI,Mar 2016,Stable
ICICIPRULI,Mar 2017,Growth Investment
ICICIPRULI,Mar 2018,Growth Investment
ICICIPRULI,Mar 2019,Growth Investment
ICICIPRULI,Mar 2020,Growth Investment
ICICIPRULI,Mar 2021,Growth Investment
ICICIPRULI,Mar 2022,Growth Investment
ICICIPRULI,Mar 2023,Growth Investment
ICICIPRULI,Mar 2024,Stable
INDIGO,Mar 2013,Growth Investment
INDIGO,Mar 2014,Growth Investment
INDIGO,Mar 2015,Growth Investment
INDIGO,Mar 2016,Growth Investment
INDIGO,Mar 2017,Growth Investment
INDIGO,Mar 2018,Growth Investment
INDIGO,Mar 2019,Growth Investment
INDIGO,Mar 2020,Growth Investment
INDIGO,Mar 2021,Stable
INDIGO,Mar 2022,Stable
INDIGO,Mar 2023,Growth Investment
INDIGO,Mar 2024,Growth Investment
INDUSINDBK,Mar 2013,Financial Stress
INDUSINDBK,Mar 2014,Financial Stress
INDUSINDBK,Mar 2015,Financial Stress
INDUSINDBK,Mar 2016,Financial Stress
INDUSINDBK,Mar 2017,Growth Investment
INDUSINDBK,Mar 2018,Financial Stress
INDUSINDBK,Mar 2019,Financial Stress
INDUSINDBK,Mar 2020,Financial Stress
INDUSINDBK,Mar 2021,Growth Investment
INDUSINDBK,Mar 2022,Growth Investment
INDUSINDBK,Mar 2023,Financial Stress
INDUSINDBK,Mar 2024,Stable
INFY,Mar 2013,Growth Investment
INFY,Mar 2014,Growth Investment
INFY,Mar 2015,Stable
INFY,Mar 2016,Growth Investment
INFY,Mar 2017,Growth Investment
INFY,Mar 2018,Stable
INFY,Mar 2019,Growth Investment
INFY,Mar 2020,Growth Investment
INFY,Mar 2021,Growth Investment
INFY,Mar 2022,Growth Investment
INFY,Mar 2023,Growth Investment
INFY,Mar 2024,Growth Investment
IOC,Mar 2013,Growth Investment
IOC,Mar 2014,Growth Investment
IOC,Mar 2015,Growth Investment
IOC,Mar 2016,Growth Investment
IOC,Mar 2017,Growth Investment
IOC,Mar 2018,Growth Investment
IOC,Mar 2019,Growth Investment
IOC,Mar 2020,Growth Investment
IOC,Mar 2021,Growth Investment
IOC,Mar 2022,Growth Investment
IOC,Mar 2023,Growth Investment
IOC,Mar 2024,Growth Investment
IRCTC,Mar 2015,Growth Investment
IRCTC,Mar 2016,Stable
IRCTC,Mar 2017,Stable
IRCTC,Mar 2018,Stable
IRCTC,Mar 2019,Growth Investment
IRCTC,Mar 2020,Stable
IRCTC,Mar 2021,Growth Investment
IRCTC,Mar 2022,Growth Investment
IRCTC,Mar 2023,Growth Investment
IRCTC,Mar 2024,Growth Investment
IRFC,Mar 2016,Financial Stress
IRFC,Mar 2017,Financial Stress
IRFC,Mar 2018,Financial Stress
IRFC,Mar 2019,Financial Stress
IRFC,Mar 2020,Financial Stress
IRFC,Mar 2021,Financial Stress
IRFC,Mar 2022,Financial Stress
IRFC,Mar 2023,Financial Stress
IRFC,Mar 2024,Growth Investment
ITC,Mar 2013,Growth Investment
ITC,Mar 2014,Growth Investment
ITC,Mar 2015,Growth Investment
ITC,Mar 2016,Growth Investment
ITC,Mar 2017,Growth Investment
ITC,Mar 2018,Growth Investment
ITC,Mar 2019,Growth Investment
ITC,Mar 2020,Growth Investment
ITC,Mar 2021,Stable
ITC,Mar 2022,Growth Investment
ITC,Mar 2023,Growth Investment
ITC,Mar 2024,Stable
JINDALSTEL,Mar 2013,Growth Investment
JINDALSTEL,Mar 2014,Growth Investment
JINDALSTEL,Mar 2015,Growth Investment
JINDALSTEL,Mar 2016,Growth Investment
JINDALSTEL,Mar 2017,Growth Investment
JINDALSTEL,Mar 2018,Growth Investment
JINDALSTEL,Mar 2019,Growth Investment
JINDALSTEL,Mar 2020,Growth Investment
JINDALSTEL,Mar 2021,Growth Investment
JINDALSTEL,Mar 2022,Growth Investment
JINDALSTEL,Mar 2023,Growth Investment
JINDALSTEL,Mar 2024,Growth Investment
JIOFIN,Mar 2023,Growth Investment
JIOFIN,Mar 2024,Stable
JSWENERGY,Mar 2013,Growth Investment
JSWENERGY,Mar 2014,Growth Investment
JSWENERGY,Mar 2015,Growth Investment
JSWENERGY,Mar 2016,Growth Investment
JSWENERGY,Mar 2017,Growth Investment
JSWENERGY,Mar 2018,Growth Investment
JSWENERGY,Mar 2019,Growth Investment
JSWENERGY,Mar 2020,Stable
JSWENERGY,Mar 2021,Growth Investment
JSWENERGY,Mar 2022,Growth Investment
JSWENERGY,Mar 2023,Growth Investment
JSWENERGY,Mar 2024,Growth Investment
JSWSTEEL,Mar 2013,Growth Investment
JSWSTEEL,Mar 2014,Growth Investment
JSWSTEEL,Mar 2015,Growth Investment
JSWSTEEL,Mar 2016,Growth Investment
JSWSTEEL,Mar 2017,Growth Investment
JSWSTEEL,Mar 2018,Growth Investment
JSWSTEEL,Mar 2019,Growth Investment
JSWSTEEL,Mar 2020,Growth Investment
JSWSTEEL,Mar 2021,Growth Investment
JSWSTEEL,Mar 2022,Growth Investment
JSWSTEEL,Mar 2023,Growth Investment
JSWSTEEL,Mar 2024,Growth Investment
KOTAKBANK,Mar 2013,Growth Investment
KOTAKBANK,Mar 2014,Growth Investment
KOTAKBANK,Mar 2015,Growth Investment
KOTAKBANK,Mar 2016,Growth Investment
KOTAKBANK,Mar 2017,Growth Investment
KOTAKBANK,Mar 2018,Financial Stress
KOTAKBANK,Mar 2019,Growth Investment
KOTAKBANK,Mar 2020,Growth Investment
KOTAKBANK,Mar 2021,Growth Investment
KOTAKBANK,Mar 2022,Growth Investment
KOTAKBANK,Mar 2023,Financial Stress
KOTAKBANK,Mar 2024,Growth Investment
LICI,Mar 2019,Stable
LICI,Mar 2020,Growth Investment
LICI,Mar 2021,Stable
LICI,Mar 2022,Stable
LICI,Mar 2023,Growth Investment
LICI,Mar 2024,Growth Investment
LODHA,Mar 2016,Growth Investment
LODHA,Mar 2017,Growth Investment
LODHA,Mar 2018,Growth Investment
LODHA,Mar 2019,Financial Stress
LODHA,Mar 2020,Stable
LODHA,Mar 2021,Stable
LODHA,Mar 2022,Stable
LODHA,Mar 2023,Stable
LODHA,Mar 2024,Growth Investment
LT,Mar 2013,Financial Stress
LT,Mar 2014,Financial Stress
LT,Mar 2015,Financial Stress
LT,Mar 2016,Financial Stress
LT,Mar 2017,Growth Investment
LT,Mar 2018,Financial Stress
LT,Mar 2019,Financial Stress
LT,Mar 2020,Growth Investment
LT,Mar 2021,Growth Investment
LT,Mar 2022,Growth Investment
LT,Mar 2023,Growth Investment
LT,Mar 2024,Stable
LTIM,Mar 2013,Growth Investment
LTIM,Mar 2014,Stable
LTIM,Mar 2015,Growth Investment
LTIM,Mar 2016,Growth Investment
LTIM,Mar 2017,Growth Investment
LTIM,Mar 2018,Growth Investment
LTIM,Mar 2019,Growth Investment
LTIM,Mar 2020,Growth Investment
LTIM,Mar 2021,Growth Investment
LTIM,Mar 2022,Growth Investment
LTIM,Mar 2023,Growth Investment
LTIM,Mar 2024,Growth Investment
M&M,Mar 2013,Financial Stress
M&M,Mar 2014,Financial Stress
M&M,Mar 2015,Growth Investment
M&M,Mar 2016,Growth Investment
M&M,Mar 2017,Growth Investment
M&M,Mar 2018,Growth Investment
M&M,Mar 2019,Financial Stress
M&M,Mar 2020,Financial Stress
M&M,Mar 2021,Growth Investment
M&M,Mar 2022,Growth Investment
M&M,Mar 2023,Financial Stress
M&M,Mar 2024,Financial Stress
MARUTI,Mar 2013,Growth Investment
MARUTI,Mar 2014,Growth Investment
MARUTI,Mar 2015,Growth Investment
MARUTI,Mar 2016,Growth Investment
MARUTI,Mar 2017,Growth Investment
MARUTI,Mar 2018,Growth Investment
MARUTI,Mar 2019,Growth Investment
MARUTI,Mar 2020,Growth Investment
MARUTI,Mar 2021,Growth Investment
MARUTI,Mar 2022,Growth Investment
MARUTI,Mar 2023,Growth Investment
MARUTI,Mar 2024,Growth Investment
MOTHERSON,Mar 2013,Growth Investment
MOTHERSON,Mar 2014,Growth Investment
MOTHERSON,Mar 2015,Growth Investment
MOTHERSON,Mar 2016,Growth Investment
MOTHERSON,Mar 2017,Growth Investment
MOTHERSON,Mar 2018,Growth Investment
MOTHERSON,Mar 2019,Growth Investment
MOTHERSON,Mar 2020,Growth Investment
MOTHERSON,Mar 2021,Growth Investment
MOTHERSON,Mar 2022,Growth Investment
MOTHERSON,Mar 2023,Growth Investment
MOTHERSON,Mar 2024,Growth Investment
NAUKRI,Mar 2013,Growth Investment
NAUKRI,Mar 2014,Growth Investment
NAUKRI,Mar 2015,Growth Investment
NAUKRI,Mar 2016,Growth Investment
NAUKRI,Mar 2017,Growth Investment
NAUKRI,Mar 2018,Growth Investment
NAUKRI,Mar 2019,Growth Investment
NAUKRI,Mar 2020,Stable
NAUKRI,Mar 2021,Growth Investment
NAUKRI,Mar 2022,Growth Investment
NAUKRI,Mar 2023,Growth Investment
NAUKRI,Mar 2024,Growth Investment
NESTLEIND,Dec 2013,Growth Investment
NESTLEIND,Dec 2014,Growth Investment
NESTLEIND,Dec 2015,Growth Investment
NESTLEIND,Dec 2016,Growth Investment
NESTLEIND,Dec 2017,Growth Investment
NESTLEIND,Dec 2018,Growth Investment
NESTLEIND,Dec 2019,Stable
NESTLEIND,Dec 2020,Growth Investment
NESTLEIND,Dec 2021,Growth Investment
NESTLEIND,Dec 2022,Growth Investment
NESTLEIND,Dec 2023,Growth Investment
NESTLEIND,Mar 2024,Growth Investment
NHPC,Mar 2013,Growth Investment
NHPC,Mar 2014,Growth Investment
NHPC,Mar 2015,Growth Investment
NHPC,Mar 2016,Growth Investment
NHPC,Mar 2017,Growth Investment
NHPC,Mar 2018,Growth Investment
NHPC,Mar 2019,Growth Investment
NHPC,Mar 2020,Growth Investment
NHPC,Mar 2021,Growth Investment
NHPC,Mar 2022,Growth Investment
NHPC,Mar 2023,Growth Investment
NHPC,Mar 2024,Growth Investment
NTPC,Mar 2013,Growth Investment
NTPC,Mar 2014,Growth Investment
NTPC,Mar 2015,Growth Investment
NTPC,Mar 2016,Growth Investment
NTPC,Mar 2017,Growth Investment
NTPC,Mar 2018,Growth Investment
NTPC,Mar 2019,Growth Investment
NTPC,Mar 2020,Growth Investment
NTPC,Mar 2021,Growth Investment
NTPC,Mar 2022,Growth Investment
NTPC,Mar 2023,Growth Investment
NTPC,Mar 2024,Growth Investment
ONGC,Mar 2013,Growth Investment
ONGC,Mar 2014,Growth Investment
ONGC,Mar 2015,Growth Investment
ONGC,Mar 2016,Growth Investment
ONGC,Mar 2017,Growth Investment
ONGC,Mar 2018,Growth Investment
ONGC,Mar 2019,Growth Investment
ONGC,Mar 2020,Growth Investment
ONGC,Mar 2021,Growth Investment
ONGC,Mar 2022,Growth Investment
ONGC,Mar 2023,Growth Investment
ONGC,Mar 2024,Growth Investment
PFC,Mar 2013,Financial Stress
PFC,Mar 2014,Financial Stress
PFC,Mar 2015,Financial Stress
PFC,Mar 2016,Financial Stress
PFC,Mar 2017,Growth Investment
PFC,Mar 2018,Financial Stress
PFC,Mar 2019,Financial Stress
PFC,Mar 2020,Financial Stress
PFC,Mar 2021,Financial Stress
PFC,Mar 2022,Growth Investment
PFC,Mar 2023,Financial Stress
PFC,Mar 2024,Financial Stress
PIDILITIND,Mar 2013,Growth Investment
PIDILITIND,Mar 2014,Growth Investment
PIDILITIND,Mar 2015,Growth Investment
PIDILITIND,Mar 2016,Growth Investment
PIDILITIND,Mar 2017,Growth Investment
PIDILITIND,Mar 2018,Stable
PIDILITIND,Mar 2019,Growth Investment
PIDILITIND,Mar 2020,Stable
PIDILITIND,Mar 2021,Growth Investment
PIDILITIND,Mar 2022,Growth Investment
PIDILITIND,Mar 2023,Growth Investment
PIDILITIND,Mar 2024,Growth Investment
PNB,Mar 2013,Stable
PNB,Mar 2013,Stable
PNB,Mar 2013,Stable
PNB,Mar 2013,Stable
PNB,Mar 2013,Stable
PNB,Mar 2013,Stable
PNB,Mar 2013,Stable
PNB,Mar 2013,Stable
PNB,Mar 2013,Stable
PNB,Mar 2013,Stable
PNB,Mar 2013,Stable
PNB,Mar 2013,Stable
PNB,Mar 2013,Stable
PNB,Mar 2013,Stable
PNB,Mar 2013,Stable
PNB,Mar 2013,Stable
PNB,Mar 2013,Stable
PNB,Mar 2013,Stable
PNB,Mar 2013,Stable
PNB,Mar 2013,Stable
PNB,Mar 2013,Stable
PNB,Mar 2013,Stable
PNB,Mar 2013,Stable
PNB,Mar 2013,Stable
PNB,Mar 2013,Stable
PNB,Mar 2014,Growth Investment
PNB,Mar 2014,Growth Investment
PNB,Mar 2014,Growth Investment
PNB,Mar 2014,Growth Investment
PNB,Mar 2014,Growth Investment
PNB,Mar 2014,Growth Investment
PNB,Mar 2014,Growth Investment
PNB,Mar 2014,Growth Investment
PNB,Mar 2014,Growth Investment
PNB,Mar 2014,Growth Investment
PNB,Mar 2014,Growth Investment
PNB,Mar 2014,Growth Investment
PNB,Mar 2014,Growth Investment
PNB,Mar 2014,Growth Investment
PNB,Mar 2014,Growth Investment
PNB,Mar 2014,Growth Investment
PNB,Mar 2014,Growth Investment
PNB,Mar 2014,Growth Investment
PNB,Mar 2014,Growth Investment
PNB,Mar 2014,Growth Investment
PNB,Mar 2014,Growth Investment
PNB,Mar 2014,Growth Investment
PNB,Mar 2014,Growth Investment
PNB,Mar 2014,Growth Investment
PNB,Mar 2014,Growth Investment
PNB,Mar 2015,Growth Investment
PNB,Mar 2015,Growth Investment
PNB,Mar 2015,Growth Investment
PNB,Mar 2015,Growth Investment
PNB,Mar 2015,Growth Investment
PNB,Mar 2015,Growth Investment
PNB,Mar 2015,Growth Investment
PNB,Mar 2015,Growth Investment
PNB,Mar 2015,Growth Investment
PNB,Mar 2015,Growth Investment
PNB,Mar 2015,Growth Investment
PNB,Mar 2015,Growth Investment
PNB,Mar 2015,Growth Investment
PNB,Mar 2015,Growth Investment
PNB,Mar 2015,Growth Investment
PNB,Mar 2015,Growth Investment
PNB,Mar 2015,Growth Investment
PNB,Mar 2015,Growth Investment
PNB,Mar 2015,Growth Investment
PNB,Mar 2015,Growth Investment
PNB,Mar 2015,Growth Investment
PNB,Mar 2015,Growth Investment
PNB,Mar 2015,Growth Investment
PNB,Mar 2015,Growth Investment
PNB,Mar 2015,Growth Investment
PNB,Mar 2016,Growth Investment
PNB,Mar 2016,Growth Investment
PNB,Mar 2016,Growth Investment
PNB,Mar 2016,Growth Investment
PNB,Mar 2016,Growth Investment
PNB,Mar 2016,Growth Investment
PNB,Mar 2016,Growth Investment
PNB,Mar 2016,Growth Investment
PNB,Mar 2016,Growth Investment
PNB,Mar 2016,Growth Investment
PNB,Mar 2016,Growth Investment
PNB,Mar 2016,Growth Investment
PNB,Mar 2016,Growth Investment
PNB,Mar 2016,Growth Investment
PNB,Mar 2016,Growth Investment
PNB,Mar 2016,Growth Investment
PNB,Mar 2016,Growth Investment
PNB,Mar 2016,Growth Investment
PNB,Mar 2016,Growth Investment
PNB,Mar 2016,Growth Investment
PNB,Mar 2016,Growth Investment
PNB,Mar 2016,Growth Investment
PNB,Mar 2016,Growth Investment
PNB,Mar 2016,Growth Investment
PNB,Mar 2016,Growth Investment
PNB,Mar 2017,Stable
PNB,Mar 2017,Stable
PNB,Mar 2017,Stable
PNB,Mar 2017,Stable
PNB,Mar 2017,Stable
PNB,Mar 2017,Stable
PNB,Mar 2017,Stable
PNB,Mar 2017,Stable
PNB,Mar 2017,Stable
PNB,Mar 2017,Stable
PNB,Mar 2017,Stable
PNB,Mar 2017,Stable
PNB,Mar 2017,Stable
PNB,Mar 2017,Stable
PNB,Mar 2017,Stable
PNB,Mar 2017,Stable
PNB,Mar 2017,Stable
PNB,Mar 2017,Stable
PNB,Mar 2017,Stable
PNB,Mar 2017,Stable
PNB,Mar 2017,Stable
PNB,Mar 2017,Stable
PNB,Mar 2017,Stable
PNB,Mar 2017,Stable
PNB,Mar 2017,Stable
PNB,Mar 2018,Financial Stress
PNB,Mar 2018,Financial Stress
PNB,Mar 2018,Financial Stress
PNB,Mar 2018,Financial Stress
PNB,Mar 2018,Financial Stress
PNB,Mar 2018,Financial Stress
PNB,Mar 2018,Financial Stress
PNB,Mar 2018,Financial Stress
PNB,Mar 2018,Financial Stress
PNB,Mar 2018,Financial Stress
PNB,Mar 2018,Financial Stress
PNB,Mar 2018,Financial Stress
PNB,Mar 2018,Financial Stress
PNB,Mar 2018,Financial Stress
PNB,Mar 2018,Financial Stress
PNB,Mar 2018,Financial Stress
PNB,Mar 2018,Financial Stress
PNB,Mar 2018,Financial Stress
PNB,Mar 2018,Financial Stress
PNB,Mar 2018,Financial Stress
PNB,Mar 2018,Financial Stress
PNB,Mar 2018,Financial Stress
PNB,Mar 2018,Financial Stress
PNB,Mar 2018,Financial Stress
PNB,Mar 2018,Financial Stress
PNB,Mar 2019,Financial Stress
PNB,Mar 2019,Financial Stress
PNB,Mar 2019,Financial Stress
PNB,Mar 2019,Financial Stress
PNB,Mar 2019,Financial Stress
PNB,Mar 2019,Financial Stress
PNB,Mar 2019,Financial Stress
PNB,Mar 2019,Financial Stress
PNB,Mar 2019,Financial Stress
PNB,Mar 2019,Financial Stress
PNB,Mar 2019,Financial Stress
PNB,Mar 2019,Financial Stress
PNB,Mar 2019,Financial Stress
PNB,Mar 2019,Financial Stress
PNB,Mar 2019,Financial Stress
PNB,Mar 2019,Financial Stress
PNB,Mar 2019,Financial Stress
PNB,Mar 2019,Financial Stress
PNB,Mar 2019,Financial Stress
PNB,Mar 2019,Financial Stress
PNB,Mar 2019,Financial Stress
PNB,Mar 2019,Financial Stress
PNB,Mar 2019,Financial Stress
PNB,Mar 2019,Financial Stress
PNB,Mar 2019,Financial Stress
PNB,Mar 2020,Financial Stress
PNB,Mar 2020,Financial Stress
PNB,Mar 2020,Financial Stress
PNB,Mar 2020,Financial Stress
PNB,Mar 2020,Financial Stress
PNB,Mar 2020,Financial Stress
PNB,Mar 2020,Financial Stress
PNB,Mar 2020,Financial Stress
PNB,Mar 2020,Financial Stress
PNB,Mar 2020,Financial Stress
PNB,Mar 2020,Financial Stress
PNB,Mar 2020,Financial Stress
PNB,Mar 2020,Financial Stress
PNB,Mar 2020,Financial Stress
PNB,Mar 2020,Financial Stress
PNB,Mar 2020,Financial Stress
PNB,Mar 2020,Financial Stress
PNB,Mar 2020,Financial Stress
PNB,Mar 2020,Financial Stress
PNB,Mar 2020,Financial Stress
PNB,Mar 2020,Financial Stress
PNB,Mar 2020,Financial Stress
PNB,Mar 2020,Financial Stress
PNB,Mar 2020,Financial Stress
PNB,Mar 2020,Financial Stress
PNB,Mar 2021,Growth Investment
PNB,Mar 2021,Growth Investment
PNB,Mar 2021,Growth Investment
PNB,Mar 2021,Growth Investment
PNB,Mar 2021,Growth Investment
PNB,Mar 2021,Growth Investment
PNB,Mar 2021,Growth Investment
PNB,Mar 2021,Growth Investment
PNB,Mar 2021,Growth Investment
PNB,Mar 2021,Growth Investment
PNB,Mar 2021,Growth Investment
PNB,Mar 2021,Growth Investment
PNB,Mar 2021,Growth Investment
PNB,Mar 2021,Growth Investment
PNB,Mar 2021,Growth Investment
PNB,Mar 2021,Growth Investment
PNB,Mar 2021,Growth Investment
PNB,Mar 2021,Growth Investment
PNB,Mar 2021,Growth Investment
PNB,Mar 2021,Growth Investment
PNB,Mar 2021,Growth Investment
PNB,Mar 2021,Growth Investment
PNB,Mar 2021,Growth Investment
PNB,Mar 2021,Growth Investment
PNB,Mar 2021,Growth Investment
PNB,Mar 2022,Growth Investment
PNB,Mar 2022,Growth Investment
PNB,Mar 2022,Growth Investment
PNB,Mar 2022,Growth Investment
PNB,Mar 2022,Growth Investment
PNB,Mar 2022,Growth Investment
PNB,Mar 2022,Growth Investment
PNB,Mar 2022,Growth Investment
PNB,Mar 2022,Growth Investment
PNB,Mar 2022,Growth Investment
PNB,Mar 2022,Growth Investment
PNB,Mar 2022,Growth Investment
PNB,Mar 2022,Growth Investment
PNB,Mar 2022,Growth Investment
PNB,Mar 2022,Growth Investment
PNB,Mar 2022,Growth Investment
PNB,Mar 2022,Growth Investment
PNB,Mar 2022,Growth Investment
PNB,Mar 2022,Growth Investment
PNB,Mar 2022,Growth Investment
PNB,Mar 2022,Growth Investment
PNB,Mar 2022,Growth Investment
PNB,Mar 2022,Growth Investment
PNB,Mar 2022,Growth Investment
PNB,Mar 2022,Growth Investment
PNB,Mar 2023,Growth Investment
PNB,Mar 2023,Growth Investment
PNB,Mar 2023,Growth Investment
PNB,Mar 2023,Growth Investment
PNB,Mar 2023,Growth Investment
PNB,Mar 2023,Growth Investment
PNB,Mar 2023,Growth Investment
PNB,Mar 2023,Growth Investment
PNB,Mar 2023,Growth Investment
PNB,Mar 2023,Growth Investment
PNB,Mar 2023,Growth Investment
PNB,Mar 2023,Growth Investment
PNB,Mar 2023,Growth Investment
PNB,Mar 2023,Growth Investment
PNB,Mar 2023,Growth Investment
PNB,Mar 2023,Growth Investment
PNB,Mar 2023,Growth Investment
PNB,Mar 2023,Growth Investment
PNB,Mar 2023,Growth Investment
PNB,Mar 2023,Growth Investment
PNB,Mar 2023,Growth Investment
PNB,Mar 2023,Growth Investment
PNB,Mar 2023,Growth Investment
PNB,Mar 2023,Growth Investment
PNB,Mar 2023,Growth Investment
PNB,Mar 2024,Financial Stress
PNB,Mar 2024,Financial Stress
PNB,Mar 2024,Financial Stress
PNB,Mar 2024,Financial Stress
PNB,Mar 2024,Financial Stress
PNB,Mar 2024,Financial Stress
PNB,Mar 2024,Financial Stress
PNB,Mar 2024,Financial Stress
PNB,Mar 2024,Financial Stress
PNB,Mar 2024,Financial Stress
PNB,Mar 2024,Financial Stress
PNB,Mar 2024,Financial Stress
PNB,Mar 2024,Financial Stress
PNB,Mar 2024,Financial Stress
PNB,Mar 2024,Financial Stress
PNB,Mar 2024,Financial Stress
PNB,Mar 2024,Financial Stress
PNB,Mar 2024,Financial Stress
PNB,Mar 2024,Financial Stress
PNB,Mar 2024,Financial Stress
PNB,Mar 2024,Financial Stress
PNB,Mar 2024,Financial Stress
PNB,Mar 2024,Financial Stress
PNB,Mar 2024,Financial Stress
PNB,Mar 2024,Financial Stress
POWERGRID,Mar 2013,Growth Investment
POWERGRID,Mar 2013,Growth Investment
POWERGRID,Mar 2013,Growth Investment
POWERGRID,Mar 2013,Growth Investment
POWERGRID,Mar 2014,Growth Investment
POWERGRID,Mar 2014,Growth Investment
POWERGRID,Mar 2014,Growth Investment
POWERGRID,Mar 2014,Growth Investment
POWERGRID,Mar 2015,Growth Investment
POWERGRID,Mar 2015,Growth Investment
POWERGRID,Mar 2015,Growth Investment
POWERGRID,Mar 2015,Growth Investment
POWERGRID,Mar 2016,Growth Investment
POWERGRID,Mar 2016,Growth Investment
POWERGRID,Mar 2016,Growth Investment
POWERGRID,Mar 2016,Growth Investment
POWERGRID,Mar 2017,Growth Investment
POWERGRID,Mar 2017,Growth Investment
POWERGRID,Mar 2017,Growth Investment
POWERGRID,Mar 2017,Growth Investment
POWERGRID,Mar 2018,Growth Investment
POWERGRID,Mar 2018,Growth Investment
POWERGRID,Mar 2018,Growth Investment
POWERGRID,Mar 2018,Growth Investment
POWERGRID,Mar 2019,Growth Investment
POWERGRID,Mar 2019,Growth Investment
POWERGRID,Mar 2019,Growth Investment
POWERGRID,Mar 2019,Growth Investment
POWERGRID,Mar 2020,Growth Investment
POWERGRID,Mar 2020,Growth Investment
POWERGRID,Mar 2020,Growth Investment
POWERGRID,Mar 2020,Growth Investment
POWERGRID,Mar 2021,Growth Investment
POWERGRID,Mar 2021,Growth Investment
POWERGRID,Mar 2021,Growth Investment
POWERGRID,Mar 2021,Growth Investment
POWERGRID,Mar 2022,Stable
POWERGRID,Mar 2022,Stable
POWERGRID,Mar 2022,Stable
POWERGRID,Mar 2022,Stable
POWERGRID,Mar 2023,Growth Investment
POWERGRID,Mar 2023,Growth Investment
POWERGRID,Mar 2023,Growth Investment
POWERGRID,Mar 2023,Growth Investment
POWERGRID,Mar 2024,Growth Investment
POWERGRID,Mar 2024,Growth Investment
POWERGRID,Mar 2024,Growth Investment
POWERGRID,Mar 2024,Growth Investment
RECLTD,Mar 2013,Financial Stress
RECLTD,Mar 2014,Financial Stress
RECLTD,Mar 2015,Financial Stress
RECLTD,Mar 2016,Financial Stress
RECLTD,Mar 2017,Growth Investment
RECLTD,Mar 2018,Financial Stress
RECLTD,Mar 2019,Financial Stress
RECLTD,Mar 2020,Financial Stress
RECLTD,Mar 2021,Financial Stress
RECLTD,Mar 2022,Financial Stress
RECLTD,Mar 2023,Financial Stress
RECLTD,Mar 2024,Financial Stress
RELIANCE,Mar 2013,Growth Investment
RELIANCE,Mar 2014,Growth Investment
RELIANCE,Mar 2015,Growth Investment
RELIANCE,Mar 2016,Growth Investment
RELIANCE,Mar 2017,Growth Investment
RELIANCE,Mar 2018,Growth Investment
RELIANCE,Mar 2019,Growth Investment
RELIANCE,Mar 2020,Growth Investment
RELIANCE,Mar 2021,Growth Investment
RELIANCE,Mar 2022,Growth Investment
RELIANCE,Mar 2023,Growth Investment
RELIANCE,Mar 2024,Growth Investment
SBILIFE,Mar 2013,Growth Investment
SBILIFE,Mar 2014,Growth Investment
SBILIFE,Mar 2015,Growth Investment
SBILIFE,Mar 2016,Growth Investment
SBILIFE,Mar 2017,Growth Investment
SBILIFE,Mar 2018,Growth Investment
SBILIFE,Mar 2019,Growth Investment
SBILIFE,Mar 2020,Growth Investment
SBILIFE,Mar 2021,Growth Investment
SBILIFE,Mar 2022,Growth Investment
SBILIFE,Mar 2023,Growth Investment
SBILIFE,Mar 2024,Growth Investment
SBIN,Mar 2013,Growth Investment
SBIN,Mar 2014,Growth Investment
SBIN,Mar 2015,Growth Investment
SBIN,Mar 2016,Growth Investment
SBIN,Mar 2017,Growth Investment
SBIN,Mar 2018,Financial Stress
SBIN,Mar 2019,Stable
SBIN,Mar 2020,Growth Investment
SBIN,Mar 2021,Growth Investment
SBIN,Mar 2022,Growth Investment
SBIN,Mar 2023,Financial Stress
SBIN,Mar 2024,Growth Investment
SHREECEM,Jun 2013,Growth Investment
SHREECEM,Jun 2014,Growth Investment
SHREECEM,Jun 2015,Growth Investment
SHREECEM,Mar 2016,Growth Investment
SHREECEM,Mar 2017,Growth Investment
SHREECEM,Mar 2018,Growth Investment
SHREECEM,Mar 2019,Growth Investment
SHREECEM,Mar 2020,Growth Investment
SHREECEM,Mar 2021,Growth Investment
SHREECEM,Mar 2022,Growth Investment
SHREECEM,Mar 2023,Growth Investment
SHREECEM,Mar 2024,Growth Investment
SHRIRAMFIN,Mar 2013,Financial Stress
SHRIRAMFIN,Mar 2014,Financial Stress
SHRIRAMFIN,Mar 2015,Financial Stress
SHRIRAMFIN,Mar 2016,Financial Stress
SHRIRAMFIN,Mar 2017,Financial Stress
SHRIRAMFIN,Mar 2018,Financial Stress
SHRIRAMFIN,Mar 2019,Financial Stress
SHRIRAMFIN,Mar 2020,Financial Stress
SHRIRAMFIN,Mar 2021,Financial Stress
SHRIRAMFIN,Mar 2022,Financial Stress
SHRIRAMFIN,Mar 2023,Financial Stress
SHRIRAMFIN,Mar 2024,Financial Stress
SIEMENS,Sep 2011,Stable
SIEMENS,Sep 2014,Stable
SIEMENS,Sep 2015,Stable
SIEMENS,Sep 2016,Stable
SIEMENS,Sep 2017,Stable
SIEMENS,Sep 2018,Growth Investment
SIEMENS,Sep 2019,Growth Investment
SIEMENS,Sep 2020,Stable
SIEMENS,Sep 2021,Growth Investment
SIEMENS,Sep 2022,Growth Investment
SIEMENS,Sep 2023,Growth Investment
SIEMENS,Sep 2024,Growth Investment
SUNPHARMA,Mar 2013,Growth Investment
SUNPHARMA,Mar 2014,Growth Investment
SUNPHARMA,Mar 2015,Growth Investment
SUNPHARMA,Mar 2016,Growth Investment
SUNPHARMA,Mar 2017,Growth Investment
SUNPHARMA,Mar 2018,Growth Investment
SUNPHARMA,Mar 2019,Growth Investment
SUNPHARMA,Mar 2020,Growth Investment
SUNPHARMA,Mar 2021,Stable
SUNPHARMA,Mar 2022,Growth Investment
SUNPHARMA,Mar 2023,Growth Investment
SUNPHARMA,Mar 2024,Growth Investment
TATACONSUM,Mar 2013,Stable
TATACONSUM,Mar 2014,Growth Investment
TATACONSUM,Mar 2015,Growth Investment
TATACONSUM,Mar 2016,Stable
TATACONSUM,Mar 2017,Stable
TATACONSUM,Mar 2018,Growth Investment
TATACONSUM,Mar 2019,Stable
TATACONSUM,Mar 2020,Growth Investment
TATACONSUM,Mar 2021,Growth Investment
TATACONSUM,Mar 2022,Growth Investment
TATACONSUM,Mar 2023,Growth Investment
TATACONSUM,Mar 2024,Growth Investment
TATAMOTORS,Mar 2013,Growth Investment
TATAMOTORS,Mar 2014,Growth Investment
TATAMOTORS,Mar 2015,Growth Investment
TATAMOTORS,Mar 2016,Growth Investment
TATAMOTORS,Mar 2017,Growth Investment
TATAMOTORS,Mar 2018,Growth Investment
TATAMOTORS,Mar 2019,Growth Investment
TATAMOTORS,Mar 2020,Growth Investment
TATAMOTORS,Mar 2021,Growth Investment
TATAMOTORS,Mar 2022,Growth Investment
TATAMOTORS,Mar 2023,Growth Investment
TATAMOTORS,Mar 2024,Growth Investment
TATAPOWER,Mar 2013,Growth Investment
TATAPOWER,Mar 2014,Growth Investment
TATAPOWER,Mar 2015,Growth Investment
TATAPOWER,Mar 2016,Growth Investment
TATAPOWER,Mar 2017,Growth Investment
TATAPOWER,Mar 2018,Growth Investment
TATAPOWER,Mar 2019,Growth Investment
TATAPOWER,Mar 2020,Growth Investment
TATAPOWER,Mar 2021,Stable
TATAPOWER,Mar 2022,Growth Investment
TATAPOWER,Mar 2023,Growth Investment
TATAPOWER,Mar 2024,Growth Investment
TATASTEEL,Mar 2013,Growth Investment
TATASTEEL,Mar 2014,Growth Investment
TATASTEEL,Mar 2015,Growth Investment
TATASTEEL,Mar 2016,Growth Investment
TATASTEEL,Mar 2017,Growth Investment
TATASTEEL,Mar 2018,Growth Investment
TATASTEEL,Mar 2019,Growth Investment
TATASTEEL,Mar 2020,Growth Investment
TATASTEEL,Mar 2021,Growth Investment
TATASTEEL,Mar 2022,Growth Investment
TATASTEEL,Mar 2023,Growth Investment
TATASTEEL,Mar 2024,Growth Investment
TCS,Mar 2013,Growth Investment
TCS,Mar 2014,Growth Investment
TCS,Mar 2015,Growth Investment
TCS,Mar 2016,Growth Investment
TCS,Mar 2017,Growth Investment
TCS,Mar 2018,Stable
TCS,Mar 2019,Stable
TCS,Mar 2020,Stable
TCS,Mar 2021,Growth Investment
TCS,Mar 2022,Growth Investment
TCS,Mar 2023,Stable
TCS,Mar 2024,Stable
TECHM,Mar 2013,Growth Investment
TECHM,Mar 2013,Growth Investment
TECHM,Mar 2013,Growth Investment
TECHM,Mar 2013,Growth Investment
TECHM,Mar 2014,Stable
TECHM,Mar 2014,Stable
TECHM,Mar 2014,Stable
TECHM,Mar 2014,Stable
TECHM,Mar 2015,Growth Investment
TECHM,Mar 2015,Growth Investment
TECHM,Mar 2015,Growth Investment
TECHM,Mar 2015,Growth Investment
TECHM,Mar 2016,Growth Investment
TECHM,Mar 2016,Growth Investment
TECHM,Mar 2016,Growth Investment
TECHM,Mar 2016,Growth Investment
TECHM,Mar 2017,Growth Investment
TECHM,Mar 2017,Growth Investment
TECHM,Mar 2017,Growth Investment
TECHM,Mar 2017,Growth Investment
TECHM,Mar 2018,Growth Investment
TECHM,Mar 2018,Growth Investment
TECHM,Mar 2018,Growth Investment
TECHM,Mar 2018,Growth Investment
TECHM,Mar 2019,Growth Investment
TECHM,Mar 2019,Growth Investment
TECHM,Mar 2019,Growth Investment
TECHM,Mar 2019,Growth Investment
TECHM,Mar 2020,Stable
TECHM,Mar 2020,Stable
TECHM,Mar 2020,Stable
TECHM,Mar 2020,Stable
TECHM,Mar 2021,Growth Investment
TECHM,Mar 2021,Growth Investment
TECHM,Mar 2021,Growth Investment
TECHM,Mar 2021,Growth Investment
TECHM,Mar 2022,Stable
TECHM,Mar 2022,Stable
TECHM,Mar 2022,Stable
TECHM,Mar 2022,Stable
TECHM,Mar 2023,Growth Investment
TECHM,Mar 2023,Growth Investment
TECHM,Mar 2023,Growth Investment
TECHM,Mar 2023,Growth Investment
TECHM,Mar 2024,Growth Investment
TECHM,Mar 2024,Growth Investment
TECHM,Mar 2024,Growth Investment
TECHM,Mar 2024,Growth Investment
TITAN,Mar 2013,Growth Investment
TITAN,Mar 2014,Financial Stress
TITAN,Mar 2015,Growth Investment
TITAN,Mar 2016,Growth Investment
TITAN,Mar 2017,Growth Investment
TITAN,Mar 2018,Stable
TITAN,Mar 2019,Growth Investment
TITAN,Mar 2020,Stable
TITAN,Mar 2021,Growth Investment
TITAN,Mar 2022,Stable
TITAN,Mar 2023,Growth Investment
TITAN,Mar 2024,Growth Investment
TORNTPHARM,Mar 2013,Growth Investment
TORNTPHARM,Mar 2014,Growth Investment
TORNTPHARM,Mar 2015,Growth Investment
TORNTPHARM,Mar 2016,Growth Investment
TORNTPHARM,Mar 2017,Growth Investment
TORNTPHARM,Mar 2018,Growth Investment
TORNTPHARM,Mar 2019,Growth Investment
TORNTPHARM,Mar 2020,Stable
TORNTPHARM,Mar 2021,Growth Investment
TORNTPHARM,Mar 2022,Growth Investment
TORNTPHARM,Mar 2023,Growth Investment
TORNTPHARM,Mar 2024,Growth Investment
TRENT,Mar 2013,Growth Investment
TRENT,Mar 2014,Stable
TRENT,Mar 2015,Financial Stress
TRENT,Mar 2016,Growth Investment
TRENT,Mar 2017,Growth Investment
TRENT,Mar 2018,Growth Investment
TRENT,Mar 2019,Growth Investment
TRENT,Mar 2020,Growth Investment
TRENT,Mar 2021,Stable
TRENT,Mar 2022,Stable
TRENT,Mar 2023,Growth Investment
TRENT,Mar 2024,Growth Investment
TVSMOTOR,Mar 2013,Growth Investment
TVSMOTOR,Mar 2014,Growth Investment
TVSMOTOR,Mar 2015,Growth Investment
TVSMOTOR,Mar 2016,Growth Investment
TVSMOTOR,Mar 2017,Growth Investment
TVSMOTOR,Mar 2018,Growth Investment
TVSMOTOR,Mar 2019,Financial Stress
TVSMOTOR,Mar 2020,Growth Investment
TVSMOTOR,Mar 2021,Growth Investment
TVSMOTOR,Mar 2022,Financial Stress
TVSMOTOR,Mar 2023,Financial Stress
TVSMOTOR,Mar 2024,Financial Stress
ULTRACEMCO,Mar 2013,Growth Investment
ULTRACEMCO,Mar 2014,Growth Investment
ULTRACEMCO,Mar 2015,Growth Investment
ULTRACEMCO,Mar 2016,Growth Investment
ULTRACEMCO,Mar 2017,Growth Investment
ULTRACEMCO,Mar 2018,Stable
ULTRACEMCO,Mar 2019,Stable
ULTRACEMCO,Mar 2020,Growth Investment
ULTRACEMCO,Mar 2021,Growth Investment
ULTRACEMCO,Mar 2022,Stable
ULTRACEMCO,Mar 2023,Growth Investment
ULTRACEMCO,Mar 2024,Growth Investment
UNIONBANK,Mar 2013,Financial Stress
UNIONBANK,Mar 2014,Growth Investment
UNIONBANK,Mar 2015,Financial Stress
UNIONBANK,Mar 2016,Growth Investment
UNIONBANK,Mar 2017,Financial Stress
UNIONBANK,Mar 2018,Growth Investment
UNIONBANK,Mar 2019,Financial Stress
UNIONBANK,Mar 2020,Financial Stress
UNIONBANK,Mar 2021,Growth Investment
UNIONBANK,Mar 2022,Growth Investment
UNIONBANK,Mar 2023,Growth Investment
UNIONBANK,Mar 2024,Growth Investment
UNITDSPR,Mar 2013,Growth Investment
UNITDSPR,Mar 2014,Financial Stress
UNITDSPR,Mar 2015,Stable
UNITDSPR,Mar 2016,Stable
UNITDSPR,Mar 2017,Growth Investment
UNITDSPR,Mar 2018,Stable
UNITDSPR,Mar 2019,Growth Investment
UNITDSPR,Mar 2020,Growth Investment
UNITDSPR,Mar 2021,Growth Investment
UNITDSPR,Mar 2022,Growth Investment
UNITDSPR,Mar 2023,Growth Investment
UNITDSPR,Mar 2024,Stable
VBL,Dec 2012,Growth Investment
VBL,Dec 2013,Growth Investment
VBL,Dec 2014,Growth Investment
VBL,Dec 2015,Growth Investment
VBL,Dec 2016,Growth Investment
VBL,Dec 2017,Growth Investment
VBL,Dec 2018,Growth Investment
VBL,Dec 2019,Growth Investment
VBL,Dec 2020,Growth Investment
VBL,Dec 2021,Growth Investment
VBL,Dec 2022,Growth Investment
VBL,Dec 2023,Growth Investment
VEDL,Mar 2013,Growth Investment
VEDL,Mar 2014,Growth Investment
VEDL,Mar 2015,Growth Investment
VEDL,Mar 2016,Growth Investment
VEDL,Mar 2017,Stable
VEDL,Mar 2018,Stable
VEDL,Mar 2019,Growth Investment
VEDL,Mar 2020,Growth Investment
VEDL,Mar 2021,Growth Investment
VEDL,Mar 2022,Growth Investment
VEDL,Mar 2023,Growth Investment
VEDL,Mar 2024,Growth Investment
WIPRO,Mar 2013,Growth Investment
WIPRO,Mar 2014,Growth Investment
WIPRO,Mar 2015,Growth Investment
WIPRO,Mar 2016,Growth Investment
WIPRO,Mar 2017,Growth Investment
WIPRO,Mar 2018,Stable
WIPRO,Mar 2019,Stable
WIPRO,Mar 2020,Stable
WIPRO,Mar 2021,Stable
WIPRO,Mar 2022,Growth Investment
WIPRO,Mar 2023,Growth Investment
WIPRO,Mar 2024,Stable
ZOMATO,Mar 2020,Financial Stress
ZOMATO,Mar 2021,Financial Stress
ZOMATO,Mar 2022,Financial Stress
ZOMATO,Mar 2023,Stable
ZOMATO,Mar 2024,Growth Investment
ZYDUSLIFE,Mar 2013,Growth Investment
ZYDUSLIFE,Mar 2014,Growth Investment
ZYDUSLIFE,Mar 2015,Growth Investment
ZYDUSLIFE,Mar 2016,Growth Investment
ZYDUSLIFE,Mar 2017,Growth Investment
ZYDUSLIFE,Mar 2018,Growth Investment
ZYDUSLIFE,Mar 2019,Growth Investment
ZYDUSLIFE,Mar 2020,Growth Investment
ZYDUSLIFE,Mar 2021,Growth Investment
ZYDUSLIFE,Mar 2022,Growth Investment
ZYDUSLIFE,Mar 2023,Stable
ZYDUSLIFE,Mar 2024,Growth Investment
