id,company_id,year,operating_activity,investing_activity,financing_activity,net_cash_flow,cfo_quality_score,cfo_quality_label,capex_intensity_pct,capex_label,distress_flag,borrowings_x,deleveraging_flag,capital_allocation_label,borrowings_y,total_assets,free_cash_flow,previous_label
73,ABB,Mar 2014,0.0,0.0,0.0,0.0,40,Weak,,Normal,NO,0.0,NO,Stable,0.0,1139.0,0.0,Growth Investment
63,ABB,Mar 2015,215.0,-187.0,-58.0,-30.0,100,Strong,86.9767441860465,High,NO,0.0,NO,Growth Investment,0.0,1374.0,28.0,Stable
74,ABB,Mar 2015,-35.0,-1864.0,1902.0,3.0,40,Weak,5325.714285714286,High,NO,0.0,NO,Financial Stress,0.0,1374.0,-1899.0,Growth Investment
64,ABB,Mar 2016,249.0,-77.0,-80.0,91.0,100,Strong,30.92369477911647,Normal,NO,0.0,NO,Growth Investment,0.0,1616.0,172.0,Financial Stress
85,ADANIENSOL,Mar 2015,-35.0,-1864.0,1902.0,3.0,40,Weak,5325.714285714286,High,NO,9701.0,NO,Financial Stress,9701.0,11492.0,-1899.0,Stable
86,ADANIENSOL,Mar 2016,1544.0,-816.0,-722.0,6.0,100,Strong,52.84974093264248,High,NO,8585.0,NO,Growth Investment,8585.0,11746.0,728.0,Financial Stress
101,ADANIENT,Mar 2019,3236.0,2487.0,-6158.0,-436.0,100,Strong,76.85414091470952,High,NO,11243.0,NO,Stable,11243.0,42536.0,5723.0,Growth Investment
102,ADANIENT,Mar 2020,2454.0,-1082.0,-221.0,1151.0,100,Strong,44.09127954360228,Normal,NO,12419.0,NO,Growth Investment,12419.0,46875.0,1372.0,Stable
136,ADANIPOWER,Mar 2022,10233.0,774.0,-10338.0,669.0,100,Strong,7.563764291996482,Normal,NO,49145.0,NO,Stable,49145.0,81981.0,11007.0,Growth Investment
190,AGTL,Mar 2019,356.0,791.0,-1077.0,70.0,100,Strong,222.191011235955,High,NO,,NO,Stable,,,1147.0,Growth Investment
191,AGTL,Mar 2020,492.0,-461.0,-102.0,-71.0,100,Strong,93.69918699186992,High,NO,,NO,Growth Investment,,,31.0,Stable
198,AXISBANK,Mar 2015,-15162.0,-7972.0,31045.0,7910.0,40,Weak,52.57881545970189,High,NO,406638.0,NO,Financial Stress,406638.0,467243.0,-23134.0,Growth Investment
200,AXISBANK,Mar 2017,32209.0,-12458.0,-2487.0,17263.0,100,Strong,38.67863019652892,Normal,NO,527437.0,NO,Growth Investment,527437.0,611462.0,19751.0,Financial Stress
201,AXISBANK,Mar 2018,-38390.0,-10007.0,41342.0,-7055.0,40,Weak,26.06668403230008,Normal,YES,611425.0,NO,Financial Stress,611425.0,703703.0,-48397.0,Growth Investment
202,AXISBANK,Mar 2019,37125.0,-18674.0,5643.0,24094.0,100,Strong,50.3003367003367,High,NO,711996.0,NO,Growth Investment,711996.0,814046.0,18451.0,Financial Stress
207,AXISBANK,Mar 2024,-5555.0,-9001.0,22341.0,7785.0,40,Weak,162.034203420342,High,NO,1295302.0,NO,Financial Stress,1295302.0,1518239.0,-14556.0,Growth Investment
215,BAJAJ-AUTO,Mar 2020,3850.0,1766.0,-6247.0,-630.0,100,Strong,45.87012987012987,Normal,NO,126.0,NO,Stable,126.0,26510.0,5616.0,Growth Investment
216,BAJAJ-AUTO,Mar 2021,3120.0,-2869.0,-20.0,231.0,100,Strong,91.9551282051282,High,NO,121.0,NO,Growth Investment,121.0,33602.0,251.0,Stable
217,BAJAJ-AUTO,Mar 2022,4197.0,276.0,-4056.0,417.0,100,Strong,6.576125804145819,Normal,NO,123.0,NO,Stable,123.0,35111.0,4473.0,Growth Investment
219,BAJAJ-AUTO,Mar 2024,6558.0,-72.0,-6167.0,319.0,100,Strong,1.097895699908509,Normal,NO,1912.0,NO,Growth Investment,1912.0,39344.0,6486.0,Stable
240,BAJAJFINSV,Mar 2021,4547.0,-3684.0,1687.0,2551.0,100,Strong,81.02045304596437,High,NO,128461.0,NO,Growth Investment,128461.0,279845.0,863.0,Financial Stress
241,BAJAJFINSV,Mar 2022,-33670.0,1445.0,32326.0,101.0,40,Weak,4.291654291654292,Normal,NO,161179.0,NO,Financial Stress,161179.0,333413.0,-32225.0,Growth Investment
247,BAJAJHLDNG,Mar 2016,1147.0,1019.0,-761.0,1406.0,100,Strong,88.8404533565824,High,NO,0.0,NO,Stable,0.0,15472.0,2166.0,Growth Investment
249,BAJAJHLDNG,Mar 2018,1631.0,-1123.0,-434.0,74.0,100,Strong,68.8534641324341,High,NO,0.0,NO,Growth Investment,0.0,25269.0,508.0,Stable
269,BANKBARODA,Mar 2016,-10011.0,-4005.0,-616.0,-14632.0,40,Weak,40.00599340725202,Normal,YES,620536.0,NO,Stable,620536.0,691173.0,-14016.0,Growth Investment
270,BANKBARODA,Mar 2017,17865.0,-551.0,-198.0,17116.0,100,Strong,3.084242933109432,Normal,NO,648499.0,NO,Growth Investment,648499.0,719216.0,17314.0,Stable
271,BANKBARODA,Mar 2018,-59692.0,-414.0,3413.0,-56692.0,40,Weak,0.6935602760838974,Normal,YES,672311.0,NO,Financial Stress,672311.0,747796.0,-60106.0,Growth Investment
273,BANKBARODA,Mar 2020,18531.0,-139.0,14729.0,33120.0,100,Strong,0.7500944363499001,Normal,NO,1068981.0,NO,Growth Investment,1068981.0,1199935.0,18392.0,Financial Stress
274,BANKBARODA,Mar 2021,-887.0,-471.0,-986.0,-2344.0,40,Weak,53.10033821871477,High,YES,1067173.0,NO,Stable,1067173.0,1202667.0,-1358.0,Growth Investment
275,BANKBARODA,Mar 2022,6210.0,-3645.0,-998.0,1567.0,100,Strong,58.69565217391305,High,NO,1185331.0,NO,Growth Investment,1185331.0,1340121.0,2565.0,Stable
276,BANKBARODA,Mar 2023,-21354.0,-1096.0,-5405.0,-27855.0,40,Weak,5.132527863632107,Normal,YES,1342592.0,NO,Stable,1342592.0,1525871.0,-22450.0,Growth Investment
277,BANKBARODA,Mar 2024,-6274.0,-1285.0,5476.0,-2084.0,40,Weak,20.4813516098183,Normal,YES,1453761.0,NO,Financial Stress,1453761.0,1654775.0,-7559.0,Stable
280,BEL,Mar 2015,1434.0,-839.0,-209.0,386.0,100,Strong,58.50767085076709,High,NO,26.0,NO,Growth Investment,26.0,49.0,595.0,Stable
282,BEL,Mar 2017,-61.0,3115.0,-2857.0,197.0,40,Weak,5106.55737704918,High,NO,29.0,NO,Stable,29.0,77.0,3054.0,Growth Investment
284,BEL,Mar 2019,1514.0,-896.0,-663.0,-45.0,100,Strong,59.18097754293263,High,NO,47.0,NO,Growth Investment,47.0,126.0,618.0,Stable
288,BEL,Mar 2023,1199.0,2708.0,-1262.0,2645.0,100,Strong,225.8548790658883,High,NO,39.0,NO,Stable,39.0,144.0,3907.0,Growth Investment
289,BEL,Mar 2024,4659.0,-5924.0,-1475.0,-2739.0,100,Strong,127.1517493024254,High,NO,43.0,NO,Growth Investment,43.0,161.0,-1265.0,Stable
304,BHEL,Mar 2015,821.0,650.0,-3543.0,-2071.0,100,Strong,79.17174177831913,High,NO,1889.0,NO,Stable,1889.0,70983.0,1471.0,Growth Investment
306,BHEL,Mar 2017,560.0,-565.0,-468.0,-473.0,100,Strong,100.8928571428571,High,NO,156.0,NO,Growth Investment,156.0,61698.0,-5.0,Stable
307,BHEL,Mar 2018,989.0,961.0,-667.0,1283.0,100,Strong,97.16885743174925,High,NO,110.0,NO,Stable,110.0,63940.0,1950.0,Growth Investment
309,BHEL,Mar 2020,-2892.0,1877.0,1622.0,608.0,40,Weak,64.90318118948825,High,NO,5080.0,NO,Financial Stress,5080.0,60291.0,-1015.0,Stable
310,BHEL,Mar 2021,560.0,-42.0,-394.0,123.0,100,Strong,7.5,Normal,NO,4951.0,NO,Growth Investment,4951.0,55960.0,518.0,Financial Stress
312,BHEL,Mar 2023,-741.0,1480.0,89.0,829.0,40,Weak,199.7300944669366,High,NO,5454.0,NO,Financial Stress,5454.0,57664.0,739.0,Growth Investment
318,BOSCHLTD,Mar 2017,1457.0,1246.0,-2670.0,33.0,100,Strong,85.51818805765271,High,NO,0.0,NO,Stable,0.0,11800.0,2703.0,Growth Investment
319,BOSCHLTD,Mar 2018,1729.0,-1170.0,-325.0,234.0,100,Strong,67.66917293233082,High,NO,0.0,NO,Growth Investment,0.0,13927.0,559.0,Stable
320,BOSCHLTD,Mar 2019,593.0,1766.0,-2531.0,-172.0,100,Strong,297.8077571669477,High,NO,0.0,NO,Stable,0.0,12710.0,2359.0,Growth Investment
321,BOSCHLTD,Mar 2020,1336.0,-873.0,-399.0,64.0,100,Strong,65.34431137724552,High,NO,74.0,NO,Growth Investment,74.0,13320.0,463.0,Stable
324,BOSCHLTD,Mar 2023,1214.0,262.0,-1239.0,236.0,100,Strong,21.58154859967051,Normal,NO,53.0,NO,Stable,53.0,16259.0,1476.0,Growth Investment
339,BRITANNIA,Mar 2014,671.0,-246.0,-357.0,68.0,100,Strong,36.66169895678092,Normal,NO,150.0,NO,Growth Investment,150.0,2107.0,425.0,Stable
346,BRITANNIA,Mar 2021,1876.0,433.0,-2242.0,66.0,100,Strong,23.08102345415778,Normal,NO,2122.0,NO,Stable,2122.0,8000.0,2309.0,Growth Investment
348,BRITANNIA,Mar 2023,2526.0,-1507.0,-1028.0,-9.0,100,Strong,59.65954077593032,High,NO,2997.0,NO,Growth Investment,2997.0,9351.0,1019.0,Stable
349,BRITANNIA,Mar 2024,2573.0,477.0,-2830.0,219.0,100,Strong,18.53867081228138,Normal,NO,2065.0,NO,Stable,2065.0,9072.0,3050.0,Growth Investment
355,CANBK,Mar 2018,-11120.0,-487.0,2865.0,-8743.0,40,Weak,4.379496402877698,Normal,YES,563756.0,NO,Financial Stress,563756.0,631435.0,-11607.0,Growth Investment
356,CANBK,Mar 2019,18237.0,-745.0,-1185.0,16307.0,100,Strong,4.085101716291057,Normal,NO,640166.0,NO,Growth Investment,640166.0,711783.0,17492.0,Financial Stress
357,CANBK,Mar 2020,-5289.0,-445.0,7792.0,2059.0,40,Weak,8.413688788050672,Normal,NO,668170.0,NO,Financial Stress,668170.0,741440.0,-5734.0,Growth Investment
358,CANBK,Mar 2021,59118.0,-1116.0,290.0,58291.0,100,Strong,1.887749923881052,Normal,NO,1060998.0,NO,Growth Investment,1060998.0,1179540.0,58002.0,Financial Stress
360,CANBK,Mar 2023,-39978.0,-1156.0,445.0,-40689.0,40,Weak,2.891590374706089,Normal,YES,1237160.0,NO,Financial Stress,1237160.0,1381030.0,-41134.0,Growth Investment
361,CANBK,Mar 2024,15046.0,-1750.0,-3834.0,9462.0,100,Strong,11.63099827196597,Normal,NO,1369780.0,NO,Growth Investment,1369780.0,1535018.0,13296.0,Financial Stress
381,CIPLA,Mar 2020,3068.0,114.0,-2949.0,234.0,100,Strong,3.715775749674054,Normal,NO,2816.0,NO,Stable,2816.0,23423.0,3182.0,Growth Investment
382,CIPLA,Mar 2021,3755.0,-2374.0,-1240.0,141.0,100,Strong,63.22237017310253,High,NO,2014.0,NO,Growth Investment,2014.0,24855.0,1381.0,Stable
387,COALINDIA,Mar 2014,14525.0,8580.0,-25350.0,-2246.0,100,Strong,59.07056798623064,High,NO,178.0,NO,Stable,178.0,104938.0,23105.0,Growth Investment
391,COALINDIA,Mar 2018,21115.0,-7747.0,-13564.0,-196.0,100,Strong,36.689557186834,Normal,NO,1538.0,NO,Growth Investment,1538.0,125471.0,13368.0,Stable
393,COALINDIA,Mar 2020,4977.0,1033.0,-4791.0,1219.0,100,Strong,20.75547518585493,Normal,NO,6434.0,NO,Stable,6434.0,150020.0,6010.0,Growth Investment
395,COALINDIA,Mar 2022,41107.0,-25715.0,-13441.0,1951.0,100,Strong,62.55625562556255,High,NO,3514.0,NO,Growth Investment,3514.0,179436.0,15392.0,Stable
404,DABUR,Mar 2019,1499.0,338.0,-1888.0,-51.0,100,Strong,22.54836557705137,Normal,NO,699.0,NO,Stable,699.0,8437.0,1837.0,Growth Investment
405,DABUR,Mar 2020,1614.0,-517.0,-1043.0,54.0,100,Strong,32.03221809169764,Normal,NO,522.0,NO,Growth Investment,522.0,9337.0,1097.0,Stable
418,DIVISLAB,Mar 2021,1947.0,75.0,-35.0,1987.0,100,Strong,3.852080123266564,Normal,NO,5.0,NO,Stable,5.0,10771.0,2022.0,Growth Investment
419,DIVISLAB,Mar 2022,1912.0,-2195.0,-532.0,-816.0,100,Strong,114.8012552301255,High,NO,4.0,NO,Growth Investment,4.0,13360.0,-283.0,Stable
425,DLF,Mar 2016,2957.0,-818.0,-1929.0,210.0,100,Strong,27.66317213391951,Normal,NO,25264.0,NO,Growth Investment,25264.0,61729.0,2139.0,Stable
426,DLF,Mar 2017,-898.0,872.0,787.0,761.0,40,Weak,97.10467706013362,High,NO,29202.0,NO,Financial Stress,29202.0,63954.0,-26.0,Growth Investment
427,DLF,Mar 2018,270.0,-2102.0,-232.0,-2064.0,100,Strong,778.5185185185185,High,NO,17491.0,NO,Growth Investment,17491.0,60585.0,-1832.0,Financial Stress
428,DLF,Mar 2019,2043.0,3.0,875.0,2921.0,100,Strong,0.1468428781204112,Normal,NO,17222.0,NO,Stable,17222.0,66483.0,2046.0,Growth Investment
432,DLF,Mar 2023,2375.0,-461.0,-2013.0,-98.0,100,Strong,19.41052631578947,Normal,NO,3334.0,NO,Growth Investment,3334.0,52572.0,1914.0,Stable
439,DMART,Mar 2018,730.0,464.0,-1159.0,34.0,100,Strong,63.56164383561644,High,NO,439.0,NO,Stable,439.0,5648.0,1194.0,Growth Investment
440,DMART,Mar 2019,807.0,-958.0,209.0,57.0,100,Strong,118.7112763320942,High,NO,700.0,NO,Growth Investment,700.0,7006.0,-151.0,Stable
488,GODREJCP,Mar 2019,1729.0,274.0,-2039.0,-36.0,100,Strong,15.84731058415269,Normal,NO,3382.0,NO,Stable,3382.0,14094.0,2003.0,Growth Investment
489,GODREJCP,Mar 2020,1588.0,-552.0,-1295.0,-259.0,100,Strong,34.76070528967254,Normal,NO,3575.0,NO,Growth Investment,3575.0,14880.0,1036.0,Stable
499,GRASIM,Mar 2018,-4140.0,1546.0,3449.0,856.0,40,Weak,37.34299516908213,Normal,NO,67070.0,NO,Financial Stress,67070.0,207899.0,-2594.0,Growth Investment
501,GRASIM,Mar 2020,16620.0,-11364.0,-3418.0,1838.0,100,Strong,68.3754512635379,High,NO,84777.0,NO,Growth Investment,84777.0,244181.0,5256.0,Financial Stress
504,GRASIM,Mar 2023,-12685.0,-13712.0,26469.0,72.0,40,Weak,108.0961765865195,High,NO,103039.0,NO,Financial Stress,103039.0,336823.0,-26397.0,Growth Investment
508,HAL,Mar 2019,-7694.0,5292.0,2321.0,-80.0,40,Weak,68.78086820899402,High,YES,8.0,NO,Financial Stress,8.0,175.0,-2402.0,Stable
509,HAL,Mar 2020,1537.0,-1334.0,64.0,266.0,100,Strong,86.79245283018868,High,NO,2.0,NO,Growth Investment,2.0,173.0,203.0,Financial Stress
520,HAVELLS,Mar 2019,501.0,185.0,-318.0,368.0,100,Strong,36.92614770459082,Normal,NO,94.0,NO,Stable,94.0,7148.0,686.0,Growth Investment
521,HAVELLS,Mar 2020,827.0,-548.0,-716.0,-437.0,100,Strong,66.26360338573156,High,NO,72.0,NO,Growth Investment,72.0,7073.0,279.0,Stable
524,HAVELLS,Mar 2023,565.0,31.0,-907.0,-311.0,100,Strong,5.486725663716814,Normal,NO,223.0,NO,Stable,223.0,11157.0,596.0,Growth Investment
525,HAVELLS,Mar 2024,1953.0,-1618.0,-534.0,-199.0,100,Strong,82.84690220174092,High,NO,303.0,NO,Growth Investment,303.0,12433.0,335.0,Stable
535,HCLTECH,Mar 2022,16900.0,1597.0,-14508.0,3989.0,100,Strong,9.449704142011834,Normal,NO,6343.0,NO,Stable,6343.0,88921.0,18497.0,Growth Investment
536,HCLTECH,Mar 2023,18009.0,-3573.0,-15881.0,-1445.0,100,Strong,19.84007996001999,Normal,NO,4794.0,NO,Growth Investment,4794.0,93250.0,14436.0,Stable
539,HDFCBANK,Mar 2014,4211.0,-1099.0,9270.0,12382.0,100,Strong,26.09831393968178,Normal,NO,416677.0,NO,Growth Investment,416677.0,503620.0,3112.0,Financial Stress
540,HDFCBANK,Mar 2015,-21281.0,-800.0,18694.0,-3387.0,40,Weak,3.759221841078897,Normal,YES,509762.0,NO,Financial Stress,509762.0,607097.0,-22081.0,Growth Investment
542,HDFCBANK,Mar 2017,17282.0,-1146.0,-5893.0,10242.0,100,Strong,6.631176947112603,Normal,NO,741550.0,NO,Growth Investment,741550.0,892344.0,16136.0,Financial Stress
544,HDFCBANK,Mar 2019,-62872.0,-1503.0,23131.0,-41244.0,40,Weak,2.390571319506298,Normal,YES,1080235.0,NO,Financial Stress,1080235.0,1292806.0,-64375.0,Growth Investment
546,HDFCBANK,Mar 2021,42476.0,-1823.0,-7321.0,33332.0,100,Strong,4.291835389396366,Normal,NO,1511418.0,NO,Growth Investment,1511418.0,1799507.0,40653.0,Financial Stress
547,HDFCBANK,Mar 2022,-11960.0,-2051.0,48124.0,34113.0,40,Weak,17.14882943143813,Normal,NO,1784970.0,NO,Financial Stress,1784970.0,2122934.0,-14011.0,Growth Investment
548,HDFCBANK,Mar 2023,20814.0,-2992.0,23941.0,41762.0,100,Strong,14.37493994426828,Normal,NO,2139212.0,NO,Growth Investment,2139212.0,2530432.0,17822.0,Financial Stress
549,HDFCBANK,Mar 2024,19069.0,16600.0,-3983.0,31687.0,100,Strong,87.05228381142169,High,NO,3107503.0,NO,Stable,3107503.0,4030194.0,35669.0,Growth Investment
552,HDFCLIFE,Mar 2015,4459.0,-3514.0,-168.0,777.0,100,Strong,78.80690737833595,High,NO,0.0,NO,Growth Investment,0.0,69309.0,945.0,Stable
563,HEROMOTOCO,Mar 2015,2186.0,31.0,-2131.0,86.0,100,Strong,1.41811527904849,Normal,NO,100.0,NO,Stable,100.0,10654.0,2217.0,Growth Investment
564,HEROMOTOCO,Mar 2016,3722.0,-2300.0,-1475.0,-53.0,100,Strong,61.79473401397099,High,NO,232.0,NO,Growth Investment,232.0,12896.0,1422.0,Stable
567,HEROMOTOCO,Mar 2019,1032.0,1298.0,-2252.0,78.0,100,Strong,125.7751937984496,High,NO,312.0,NO,Stable,312.0,18504.0,2330.0,Growth Investment
568,HEROMOTOCO,Mar 2020,5518.0,-2819.0,-2602.0,97.0,100,Strong,51.08735048930772,High,NO,453.0,NO,Growth Investment,453.0,19674.0,2699.0,Stable
578,HINDALCO,Mar 2018,10898.0,5333.0,-16412.0,-181.0,100,Strong,48.93558451091943,Normal,NO,52074.0,NO,Stable,52074.0,147014.0,16231.0,Growth Investment
579,HINDALCO,Mar 2019,11977.0,-5456.0,-5466.0,1055.0,100,Strong,45.55397845871253,Normal,NO,52415.0,NO,Growth Investment,52415.0,151972.0,6521.0,Stable
586,HINDUNILVR,Mar 2014,3818.0,-475.0,-2960.0,383.0,100,Strong,12.44106862231535,Normal,NO,46.0,NO,Growth Investment,46.0,13754.0,3343.0,Stable
587,HINDUNILVR,Mar 2015,3292.0,138.0,-3462.0,-33.0,100,Strong,4.191980558930741,Normal,NO,43.0,NO,Stable,43.0,14430.0,3430.0,Growth Investment
588,HINDUNILVR,Mar 2016,4171.0,-282.0,-3864.0,25.0,100,Strong,6.76096859266363,Normal,NO,177.0,NO,Growth Investment,177.0,14793.0,3889.0,Stable
592,HINDUNILVR,Mar 2020,7623.0,1791.0,-6819.0,2595.0,100,Strong,23.49468713105077,Normal,NO,0.0,NO,Stable,0.0,20153.0,9414.0,Growth Investment
593,HINDUNILVR,Mar 2021,9163.0,-1228.0,-9309.0,-1374.0,100,Strong,13.40172432609407,Normal,NO,0.0,NO,Growth Investment,0.0,68740.0,7935.0,Stable
599,ICICIBANK,Mar 2015,-12273.0,-13175.0,24827.0,-621.0,40,Weak,107.3494663081561,High,YES,597207.0,NO,Financial Stress,597207.0,826079.0,-25448.0,Growth Investment
600,ICICIBANK,Mar 2016,23645.0,-12060.0,5814.0,17399.0,100,Strong,51.00444068513428,High,NO,671455.0,NO,Growth Investment,671455.0,918756.0,11585.0,Financial Stress
607,ICICIBANK,Mar 2023,-3771.0,-67689.0,24791.0,-46669.0,40,Weak,1794.988066825776,High,YES,1399894.0,NO,Financial Stress,1399894.0,1958490.0,-71460.0,Growth Investment
608,ICICIBANK,Mar 2024,157284.0,-144737.0,13765.0,26312.0,100,Strong,92.0227105109229,High,NO,1651008.0,NO,Growth Investment,1651008.0,2364063.0,12547.0,Financial Stress
611,ICICIGI,Mar 2015,-98.0,171.0,-93.0,-20.0,40,Weak,174.4897959183673,High,YES,0.0,NO,Stable,0.0,14646.0,73.0,Growth Investment
612,ICICIGI,Mar 2016,511.0,-310.0,-148.0,53.0,100,Strong,60.66536203522504,High,NO,0.0,NO,Growth Investment,0.0,15676.0,201.0,Stable
618,ICICIGI,Mar 2022,809.0,135.0,-879.0,65.0,100,Strong,16.68726823238566,Normal,NO,255.0,NO,Stable,255.0,50848.0,944.0,Growth Investment
619,ICICIGI,Mar 2023,2290.0,-1685.0,-695.0,-90.0,100,Strong,73.58078602620087,High,NO,35.0,NO,Growth Investment,35.0,55086.0,605.0,Stable
623,ICICIPRULI,Mar 2015,523.0,-1822.0,-966.0,-2264.0,100,Strong,348.3747609942639,High,NO,0.0,NO,Growth Investment,0.0,101215.0,-1299.0,Stable
624,ICICIPRULI,Mar 2016,3634.0,27.0,-1442.0,2219.0,100,Strong,0.7429829389102918,Normal,NO,1029.0,NO,Stable,1029.0,104765.0,3661.0,Growth Investment
625,ICICIPRULI,Mar 2017,4130.0,-696.0,-994.0,2439.0,100,Strong,16.85230024213075,Normal,NO,0.0,NO,Growth Investment,0.0,124741.0,3434.0,Stable
632,ICICIPRULI,Mar 2024,-7315.0,7420.0,-88.0,17.0,40,Weak,101.4354066985646,High,NO,1200.0,NO,Stable,1200.0,299001.0,105.0,Growth Investment
641,INDIGO,Mar 2021,-1620.0,3228.0,-1775.0,-168.0,40,Weak,199.2592592592593,High,YES,9.0,NO,Stable,9.0,811.0,1608.0,Growth Investment
643,INDIGO,Mar 2023,12703.0,-4039.0,-8432.0,232.0,100,Strong,31.7956388254743,Normal,NO,12.0,NO,Growth Investment,12.0,1062.0,8664.0,Stable
649,INDUSINDBK,Mar 2017,11569.0,-285.0,-2768.0,8516.0,100,Strong,2.463479989627452,Normal,NO,149026.0,NO,Growth Investment,149026.0,178648.0,11284.0,Financial Stress
650,INDUSINDBK,Mar 2018,-20700.0,-217.0,15505.0,-5412.0,40,Weak,1.048309178743961,Normal,YES,189928.0,NO,Financial Stress,189928.0,221626.0,-20917.0,Growth Investment
653,INDUSINDBK,Mar 2021,44646.0,-226.0,-4096.0,40324.0,100,Strong,0.5062043632128298,Normal,NO,307528.0,NO,Growth Investment,307528.0,362973.0,44420.0,Financial Stress
655,INDUSINDBK,Mar 2023,-12438.0,-441.0,1115.0,-11763.0,40,Weak,3.545586107091172,Normal,YES,385449.0,NO,Financial Stress,385449.0,457804.0,-12879.0,Growth Investment
656,INDUSINDBK,Mar 2024,-16843.0,-625.0,-2242.0,-19710.0,40,Weak,3.710740366918007,Normal,YES,432404.0,NO,Stable,432404.0,514935.0,-17468.0,Financial Stress
659,INFY,Mar 2015,8353.0,999.0,-4935.0,4417.0,100,Strong,11.95977493116246,Normal,NO,0.0,NO,Stable,0.0,66289.0,9352.0,Growth Investment
660,INFY,Mar 2016,10028.0,-885.0,-6813.0,2330.0,100,Strong,8.825289190267252,Normal,NO,0.0,NO,Growth Investment,0.0,75098.0,9143.0,Stable
662,INFY,Mar 2018,13218.0,4533.0,-20505.0,-2754.0,100,Strong,34.29414434861553,Normal,NO,0.0,NO,Stable,0.0,79349.0,17751.0,Growth Investment
663,INFY,Mar 2019,14841.0,-632.0,-14512.0,-303.0,100,Strong,4.258473148709656,Normal,NO,0.0,NO,Growth Investment,0.0,84066.0,14209.0,Stable
682,IRCTC,Mar 2016,288.0,7.0,-31.0,263.0,100,Strong,2.430555555555556,Normal,NO,0.0,NO,Stable,0.0,1437.0,295.0,Growth Investment
685,IRCTC,Mar 2019,499.0,-353.0,-179.0,-33.0,100,Strong,70.74148296593187,High,NO,0.0,NO,Growth Investment,0.0,2594.0,146.0,Stable
686,IRCTC,Mar 2020,409.0,8.0,-280.0,137.0,100,Strong,1.9559902200489,Normal,NO,0.0,NO,Stable,0.0,3241.0,417.0,Growth Investment
687,IRCTC,Mar 2021,248.0,-453.0,-47.0,-252.0,100,Strong,182.6612903225806,High,NO,79.0,NO,Growth Investment,79.0,3153.0,-205.0,Stable
699,IRFC,Mar 2024,7914.0,-8.0,-8046.0,-140.0,100,Strong,0.1010866818296689,Normal,NO,412039.0,NO,Growth Investment,412039.0,485082.0,7906.0,Financial Stress
708,ITC,Mar 2021,12527.0,5740.0,-18634.0,-367.0,100,Strong,45.82102658258162,Normal,NO,271.0,NO,Stable,271.0,73761.0,18267.0,Growth Investment
709,ITC,Mar 2022,15776.0,-2238.0,-13580.0,-43.0,100,Strong,14.18610547667343,Normal,NO,249.0,NO,Growth Investment,249.0,77196.0,13538.0,Stable
711,ITC,Mar 2024,17179.0,1563.0,-18551.0,191.0,100,Strong,9.098317713487397,Normal,NO,303.0,NO,Stable,303.0,91754.0,18742.0,Growth Investment
725,JIOFIN,Mar 2024,-678.0,1441.0,-753.0,11.0,40,Weak,212.5368731563422,High,NO,0.0,NO,Stable,0.0,144863.0,763.0,Growth Investment
733,JSWENERGY,Mar 2020,2082.0,301.0,-1962.0,421.0,100,Strong,14.45725264169068,Normal,NO,9840.0,NO,Stable,9840.0,24931.0,2383.0,Growth Investment
734,JSWENERGY,Mar 2021,3700.0,-1030.0,-2515.0,155.0,100,Strong,27.83783783783784,Normal,NO,8371.0,NO,Growth Investment,8371.0,26207.0,2670.0,Stable
755,KOTAKBANK,Mar 2018,-10392.0,-5475.0,14679.0,-1188.0,40,Weak,52.68475750577367,High,YES,249840.0,NO,Financial Stress,249840.0,337720.0,-15867.0,Growth Investment
756,KOTAKBANK,Mar 2019,1822.0,-3323.0,8365.0,6864.0,100,Strong,182.3819978046103,High,NO,291763.0,NO,Growth Investment,291763.0,395171.0,-1501.0,Financial Stress
760,KOTAKBANK,Mar 2023,-1242.0,-10381.0,1883.0,-9740.0,40,Weak,835.8293075684379,High,YES,418807.0,NO,Financial Stress,418807.0,620430.0,-11623.0,Growth Investment
761,KOTAKBANK,Mar 2024,15685.0,-8919.0,15515.0,22281.0,100,Strong,56.86324513866752,High,NO,520374.0,NO,Growth Investment,520374.0,767667.0,6766.0,Financial Stress
763,LICI,Mar 2020,54367.0,-40415.0,-18664.0,-4712.0,100,Strong,74.33737377453234,High,NO,253414.0,NO,Growth Investment,253414.0,3499834.0,13952.0,Stable
764,LICI,Mar 2021,80602.0,148447.0,-256125.0,-27077.0,100,Strong,184.1728493089502,High,NO,4.0,NO,Stable,4.0,3829524.0,229049.0,Growth Investment
766,LICI,Mar 2023,54519.0,-52848.0,-949.0,722.0,100,Strong,96.93501348153855,High,NO,0.0,NO,Growth Investment,0.0,4578491.0,1671.0,Stable
780,LODHA,Mar 2019,-463.0,-175.0,736.0,97.0,40,Weak,37.79697624190065,Normal,NO,25641.0,NO,Financial Stress,25641.0,49864.0,-638.0,Growth Investment
781,LODHA,Mar 2020,3772.0,182.0,-4188.0,-234.0,100,Strong,4.825026511134676,Normal,NO,18423.0,NO,Stable,18423.0,40693.0,3954.0,Financial Stress
785,LODHA,Mar 2024,2512.0,-2947.0,951.0,516.0,100,Strong,117.3168789808917,High,NO,7698.0,NO,Growth Investment,7698.0,47198.0,-435.0,Stable
790,LT,Mar 2017,6655.0,-9796.0,2896.0,-245.0,100,Strong,147.1975957926371,High,NO,0.0,NO,Growth Investment,0.0,4417.0,-3141.0,Financial Stress
791,LT,Mar 2018,-10031.0,3914.0,9370.0,3254.0,40,Weak,39.01904097298375,Normal,NO,0.0,NO,Financial Stress,0.0,5337.0,-6117.0,Growth Investment
793,LT,Mar 2020,6694.0,-8408.0,6372.0,4658.0,100,Strong,125.6050194203765,High,NO,912.0,NO,Growth Investment,912.0,8815.0,-1714.0,Financial Stress
797,LT,Mar 2024,18266.0,2179.0,-25413.0,-4968.0,100,Strong,11.92926749151429,Normal,NO,2071.0,NO,Stable,2071.0,27544.0,20445.0,Growth Investment
799,LTIM,Mar 2014,628.0,180.0,-769.0,40.0,100,Strong,28.6624203821656,Normal,NO,110.0,NO,Stable,110.0,2666.0,808.0,Growth Investment
800,LTIM,Mar 2015,642.0,-103.0,-497.0,42.0,100,Strong,16.04361370716511,Normal,NO,218.0,NO,Growth Investment,218.0,2978.0,539.0,Stable
812,M&M,Mar 2015,1055.0,-4357.0,1669.0,-1633.0,100,Strong,412.9857819905213,High,NO,37911.0,NO,Growth Investment,37911.0,94376.0,-3302.0,Financial Stress
816,M&M,Mar 2019,-4347.0,-7174.0,13194.0,1672.0,40,Weak,165.0333563377042,High,NO,70848.0,NO,Financial Stress,70848.0,161889.0,-11521.0,Growth Investment
818,M&M,Mar 2021,17909.0,-19686.0,406.0,-1370.0,100,Strong,109.9223853928193,High,NO,80625.0,NO,Growth Investment,80625.0,164968.0,-1777.0,Financial Stress
820,M&M,Mar 2023,-7074.0,-8866.0,15946.0,6.0,40,Weak,125.3322024314391,High,NO,92247.0,NO,Financial Stress,92247.0,204283.0,-15940.0,Growth Investment
853,NAUKRI,Mar 2020,350.0,97.0,-143.0,304.0,100,Strong,27.71428571428572,Normal,NO,77.0,NO,Stable,77.0,2893.0,447.0,Growth Investment
854,NAUKRI,Mar 2021,276.0,-2043.0,1880.0,113.0,100,Strong,740.2173913043479,High,NO,65.0,NO,Growth Investment,65.0,6292.0,-1767.0,Stable
864,NESTLEIND,Dec 2019,2295.0,83.0,-3602.0,-1223.0,100,Strong,3.616557734204793,Normal,NO,189.0,NO,Stable,189.0,7173.0,2378.0,Growth Investment
865,NESTLEIND,Dec 2020,2454.0,-321.0,-1956.0,177.0,100,Strong,13.08068459657702,Normal,NO,147.0,NO,Growth Investment,147.0,7900.0,2133.0,Stable
910,PFC,Mar 2017,1795.0,-667.0,1950.0,3079.0,100,Strong,37.15877437325905,Normal,NO,202993.0,NO,Growth Investment,202993.0,259537.0,1128.0,Financial Stress
911,PFC,Mar 2018,-57148.0,1409.0,52018.0,-3720.0,40,Weak,2.465528102470778,Normal,YES,441151.0,NO,Financial Stress,441151.0,522531.0,-55739.0,Growth Investment
915,PFC,Mar 2022,4904.0,-547.0,-8371.0,-4014.0,100,Strong,11.15415986949429,Normal,NO,660476.0,NO,Growth Investment,660476.0,791000.0,4357.0,Financial Stress
916,PFC,Mar 2023,-74717.0,-1694.0,75537.0,-874.0,40,Weak,2.267221649691503,Normal,YES,751158.0,NO,Financial Stress,751158.0,896112.0,-76411.0,Growth Investment
923,PIDILITIND,Mar 2018,796.0,39.0,-790.0,46.0,100,Strong,4.899497487437186,Normal,NO,125.0,NO,Stable,125.0,5199.0,835.0,Growth Investment
924,PIDILITIND,Mar 2019,845.0,-513.0,-361.0,-29.0,100,Strong,60.71005917159763,High,NO,113.0,NO,Growth Investment,113.0,5904.0,332.0,Stable
925,PIDILITIND,Mar 2020,1280.0,103.0,-849.0,533.0,100,Strong,8.046875,Normal,NO,288.0,NO,Stable,288.0,6523.0,1383.0,Growth Investment
926,PIDILITIND,Mar 2021,1392.0,-1688.0,-76.0,-372.0,100,Strong,121.264367816092,High,NO,331.0,NO,Growth Investment,331.0,8814.0,-296.0,Stable
931,PNB,Mar 2014,16906.0,-302.0,2129.0,18733.0,100,Strong,1.786348042115225,Normal,NO,10108.0,NO,Growth Investment,10108.0,11540.0,16604.0,Stable
934,PNB,Mar 2017,21938.0,159.0,-9767.0,12330.0,100,Strong,0.7247698058163917,Normal,NO,35497.0,NO,Stable,35497.0,42960.0,22097.0,Growth Investment
935,PNB,Mar 2018,-1742.0,392.0,7460.0,6109.0,40,Weak,22.5028702640643,Normal,NO,53777.0,NO,Financial Stress,53777.0,63018.0,-1350.0,Stable
938,PNB,Mar 2021,30950.0,-787.0,5415.0,35579.0,100,Strong,2.54281098546042,Normal,NO,59394.0,NO,Growth Investment,59394.0,71333.0,30163.0,Financial Stress
941,PNB,Mar 2024,-27939.0,-1506.0,3518.0,-25928.0,40,Weak,5.390314613980458,Normal,YES,55017.0,NO,Financial Stress,55017.0,72371.0,-29445.0,Growth Investment
951,POWERGRID,Mar 2022,26124.0,753.0,-28967.0,-2091.0,100,Strong,2.882406982085438,Normal,NO,134696.0,NO,Stable,134696.0,250950.0,26877.0,Growth Investment
952,POWERGRID,Mar 2023,40203.0,-7138.0,-30450.0,2615.0,100,Strong,17.75489391338955,Normal,NO,128584.0,NO,Growth Investment,128584.0,252225.0,33065.0,Stable
958,RECLTD,Mar 2017,6805.0,-101.0,-3947.0,2757.0,100,Strong,1.484202792064658,Normal,NO,167852.0,NO,Growth Investment,167852.0,210245.0,6704.0,Financial Stress
959,RECLTD,Mar 2018,-32510.0,46.0,28244.0,-4220.0,40,Weak,0.1414949246385727,Normal,YES,204367.0,NO,Financial Stress,204367.0,242370.0,-32464.0,Growth Investment
995,SBIN,Mar 2018,-96508.0,13053.0,5547.0,-77908.0,40,Weak,13.52530360177395,Normal,YES,,NO,Financial Stress,,,-83455.0,Growth Investment
996,SBIN,Mar 2019,29556.0,220.0,448.0,30223.0,100,Strong,0.7443497090269319,Normal,NO,,NO,Stable,,,29776.0,Financial Stress
997,SBIN,Mar 2020,23929.0,-555.0,5430.0,28803.0,100,Strong,2.31936144427264,Normal,NO,,NO,Growth Investment,,,23374.0,Stable
1000,SBIN,Mar 2023,-86014.0,-966.0,6386.0,-80593.0,40,Weak,1.123072988118213,Normal,YES,,NO,Financial Stress,,,-86980.0,Growth Investment
1001,SBIN,Mar 2024,21632.0,-3476.0,-9896.0,8260.0,100,Strong,16.06878698224852,Normal,NO,,NO,Growth Investment,,,18156.0,Financial Stress
1031,SIEMENS,Sep 2018,100.0,-174.0,-305.0,-379.0,100,Strong,174.0,High,NO,0.0,NO,Growth Investment,0.0,14336.0,-74.0,Stable
1033,SIEMENS,Sep 2020,720.0,871.0,-386.0,1205.0,100,Strong,120.9722222222222,High,NO,0.0,NO,Stable,0.0,15860.0,1591.0,Growth Investment
1034,SIEMENS,Sep 2021,1422.0,-2389.0,-502.0,-1469.0,100,Strong,168.0028129395218,High,NO,4.0,NO,Growth Investment,4.0,18015.0,-967.0,Stable
1046,SUNPHARMA,Mar 2021,6170.0,407.0,-5980.0,596.0,100,Strong,6.59643435980551,Normal,NO,3869.0,NO,Stable,3869.0,67622.0,6577.0,Growth Investment
1047,SUNPHARMA,Mar 2022,8985.0,-5556.0,-5193.0,-1765.0,100,Strong,61.83639398998331,High,NO,1290.0,NO,Growth Investment,1290.0,69776.0,3429.0,Stable
1051,TATACONSUM,Mar 2014,422.0,-1.0,-363.0,57.0,100,Strong,0.2369668246445498,Normal,NO,1438.0,NO,Growth Investment,1438.0,9911.0,421.0,Stable
1053,TATACONSUM,Mar 2016,116.0,145.0,-282.0,-21.0,100,Strong,125.0,High,NO,1354.0,NO,Stable,1354.0,9895.0,261.0,Growth Investment
1055,TATACONSUM,Mar 2018,356.0,-31.0,-30.0,294.0,100,Strong,8.707865168539326,Normal,NO,1068.0,NO,Growth Investment,1068.0,10461.0,325.0,Stable
1056,TATACONSUM,Mar 2019,210.0,53.0,-224.0,39.0,100,Strong,25.23809523809524,Normal,NO,1141.0,NO,Stable,1141.0,10881.0,263.0,Growth Investment
1057,TATACONSUM,Mar 2020,1082.0,-622.0,-308.0,152.0,100,Strong,57.48613678373382,High,NO,1586.0,NO,Growth Investment,1586.0,18473.0,460.0,Stable
1082,TATAPOWER,Mar 2021,8345.0,993.0,-7603.0,1736.0,100,Strong,11.89934092270821,Normal,NO,46708.0,NO,Stable,46708.0,98655.0,9338.0,Growth Investment
1083,TATAPOWER,Mar 2022,6693.0,-6250.0,-1183.0,-741.0,100,Strong,93.38114447930674,High,NO,51195.0,NO,Growth Investment,51195.0,112550.0,443.0,Stable
1103,TCS,Mar 2018,25067.0,3104.0,-26885.0,1286.0,100,Strong,12.38281405832369,Normal,NO,247.0,NO,Stable,247.0,105126.0,28171.0,Growth Investment
1106,TCS,Mar 2021,38802.0,-7956.0,-32634.0,-1788.0,100,Strong,20.50409772692129,Normal,NO,7795.0,NO,Growth Investment,7795.0,129992.0,30846.0,Stable
1108,TCS,Mar 2023,41965.0,548.0,-47878.0,-5365.0,100,Strong,1.305850113189563,Normal,NO,7688.0,NO,Stable,7688.0,142859.0,42513.0,Growth Investment
37,TCS,Mar-13,11615.0,-6038.0,-5729.0,-152.0,100,Strong,51.9845027981059,High,NO,,NO,Growth Investment,,,5577.0,Stable
42,TCS,Mar-18,25067.0,3104.0,-26885.0,1286.0,100,Strong,12.38281405832369,Normal,NO,,NO,Stable,,,28171.0,Growth Investment
45,TCS,Mar-21,38802.0,-7956.0,-32634.0,-1788.0,100,Strong,20.50409772692129,Normal,NO,,NO,Growth Investment,,,30846.0,Stable
47,TCS,Mar-23,41965.0,548.0,-47878.0,-5365.0,100,Strong,1.305850113189563,Normal,NO,,NO,Stable,,,42513.0,Growth Investment
1111,TECHM,Mar 2014,1596.0,291.0,-972.0,915.0,100,Strong,18.23308270676692,Normal,NO,363.0,NO,Stable,363.0,15940.0,1887.0,Growth Investment
1112,TECHM,Mar 2015,2448.0,-1865.0,-829.0,-246.0,100,Strong,76.18464052287581,High,NO,700.0,NO,Growth Investment,700.0,19848.0,583.0,Stable
1117,TECHM,Mar 2020,4358.0,1081.0,-4466.0,974.0,100,Strong,24.80495640201927,Normal,NO,3670.0,NO,Stable,3670.0,37318.0,5439.0,Growth Investment
1118,TECHM,Mar 2021,8094.0,-5433.0,-2987.0,-326.0,100,Strong,67.12379540400296,High,NO,2901.0,NO,Growth Investment,2901.0,39602.0,2661.0,Stable
1119,TECHM,Mar 2022,5285.0,480.0,-4667.0,1098.0,100,Strong,9.082308420056764,Normal,NO,2618.0,NO,Stable,2618.0,44416.0,5765.0,Growth Investment
1120,TECHM,Mar 2023,5572.0,-226.0,-5078.0,267.0,100,Strong,4.055994256999282,Normal,NO,2740.0,NO,Growth Investment,2740.0,45827.0,5346.0,Stable
1123,TITAN,Mar 2014,-555.0,-271.0,497.0,-329.0,40,Weak,48.82882882882883,Normal,YES,807.0,NO,Financial Stress,807.0,6111.0,-826.0,Growth Investment
1124,TITAN,Mar 2015,503.0,-118.0,-1005.0,-620.0,100,Strong,23.45924453280318,Normal,NO,100.0,NO,Growth Investment,100.0,5868.0,385.0,Financial Stress
1127,TITAN,Mar 2018,-51.0,98.0,-252.0,-206.0,40,Weak,192.156862745098,High,YES,1691.0,NO,Stable,1691.0,9521.0,47.0,Growth Investment
1128,TITAN,Mar 2019,1243.0,-797.0,-489.0,-43.0,100,Strong,64.11906677393404,High,NO,2393.0,NO,Growth Investment,2393.0,11710.0,446.0,Stable
1129,TITAN,Mar 2020,-348.0,235.0,-242.0,-355.0,40,Weak,67.52873563218391,High,YES,3562.0,NO,Stable,3562.0,13544.0,-113.0,Growth Investment
1130,TITAN,Mar 2021,4139.0,-2799.0,-1234.0,106.0,100,Strong,67.62503020053153,High,NO,5638.0,NO,Growth Investment,5638.0,16444.0,1340.0,Stable
1131,TITAN,Mar 2022,-724.0,1165.0,-403.0,38.0,40,Weak,160.9116022099448,High,NO,7275.0,NO,Stable,7275.0,21188.0,441.0,Growth Investment
1132,TITAN,Mar 2023,1370.0,-1814.0,457.0,13.0,100,Strong,132.4087591240876,High,NO,9367.0,NO,Growth Investment,9367.0,27020.0,-444.0,Stable
1141,TORNTPHARM,Mar 2020,1393.0,229.0,-1549.0,73.0,100,Strong,16.43933955491745,Normal,NO,5784.0,NO,Stable,5784.0,14010.0,1622.0,Growth Investment
1142,TORNTPHARM,Mar 2021,2005.0,-444.0,-1651.0,-89.0,100,Strong,22.14463840399003,Normal,NO,4874.0,NO,Growth Investment,4874.0,14075.0,1561.0,Stable
1147,TRENT,Mar 2014,-46.0,-48.0,-50.0,-145.0,40,Weak,104.3478260869565,High,YES,332.0,NO,Stable,332.0,1936.0,-94.0,Growth Investment
1148,TRENT,Mar 2015,-10.0,-306.0,310.0,-6.0,40,Weak,3060.0,High,YES,267.0,NO,Financial Stress,267.0,2207.0,-316.0,Stable
1149,TRENT,Mar 2016,109.0,-98.0,-13.0,-2.0,100,Strong,89.90825688073394,High,NO,400.0,NO,Growth Investment,400.0,2157.0,11.0,Financial Stress
1154,TRENT,Mar 2021,285.0,18.0,-283.0,20.0,100,Strong,6.315789473684211,Normal,NO,300.0,NO,Stable,300.0,5724.0,303.0,Growth Investment
1156,TRENT,Mar 2023,595.0,-103.0,-491.0,1.0,100,Strong,17.3109243697479,Normal,NO,4464.0,NO,Growth Investment,4464.0,8082.0,492.0,Stable
1164,TVSMOTOR,Mar 2019,-918.0,-1104.0,2210.0,188.0,40,Weak,120.2614379084967,High,NO,9298.0,NO,Financial Stress,9298.0,16696.0,-2022.0,Growth Investment
1165,TVSMOTOR,Mar 2020,373.0,-1090.0,1619.0,902.0,100,Strong,292.2252010723861,High,NO,11591.0,NO,Growth Investment,11591.0,19272.0,-717.0,Financial Stress
1167,TVSMOTOR,Mar 2022,-1575.0,-1471.0,2918.0,532.0,40,Weak,93.3968253968254,High,NO,15827.0,NO,Financial Stress,15827.0,26919.0,-3046.0,Growth Investment
1175,ULTRACEMCO,Mar 2018,3888.0,1866.0,-5735.0,18.0,100,Strong,47.99382716049383,Normal,NO,19480.0,NO,Stable,19480.0,57141.0,5754.0,Growth Investment
1177,ULTRACEMCO,Mar 2020,8972.0,-4192.0,-5076.0,-295.0,100,Strong,46.72313865358894,Normal,NO,23019.0,NO,Growth Investment,23019.0,79214.0,4780.0,Stable
1179,ULTRACEMCO,Mar 2022,9283.0,2257.0,-12498.0,-958.0,100,Strong,24.31326079931057,Normal,NO,11299.0,NO,Stable,11299.0,83811.0,11540.0,Growth Investment
1180,ULTRACEMCO,Mar 2023,9069.0,-7188.0,-1631.0,250.0,100,Strong,79.2590142242805,High,NO,11058.0,NO,Growth Investment,11058.0,91380.0,1881.0,Stable
1183,UNIONBANK,Mar 2014,2570.0,-363.0,4902.0,7109.0,100,Strong,14.12451361867704,Normal,NO,327078.0,NO,Growth Investment,327078.0,355013.0,2207.0,Financial Stress
1184,UNIONBANK,Mar 2015,-3567.0,-318.0,3168.0,-718.0,40,Weak,8.915054667788057,Normal,YES,352618.0,NO,Financial Stress,352618.0,383566.0,-3885.0,Growth Investment
1185,UNIONBANK,Mar 2016,81.0,-9.0,-2.0,70.0,100,Strong,11.11111111111111,Normal,NO,374754.0,NO,Growth Investment,374754.0,407365.0,72.0,Financial Stress
1186,UNIONBANK,Mar 2017,-6624.0,-280.0,10194.0,3289.0,40,Weak,4.227053140096618,Normal,NO,418420.0,NO,Financial Stress,418420.0,455681.0,-6904.0,Growth Investment
1187,UNIONBANK,Mar 2018,6097.0,-315.0,10792.0,16574.0,100,Strong,5.166475315729048,Normal,NO,455969.0,NO,Growth Investment,455969.0,491120.0,5782.0,Financial Stress
1188,UNIONBANK,Mar 2019,-7778.0,-297.0,1758.0,-6317.0,40,Weak,3.818462329647724,Normal,YES,460780.0,NO,Financial Stress,460780.0,498581.0,-8075.0,Growth Investment
1190,UNIONBANK,Mar 2021,20527.0,-601.0,-18861.0,1066.0,100,Strong,2.927851122911287,Normal,NO,977576.0,NO,Growth Investment,977576.0,1082377.0,19926.0,Financial Stress
1195,UNITDSPR,Mar 2014,-552.0,-252.0,1235.0,431.0,40,Weak,45.65217391304348,Normal,NO,,NO,Financial Stress,,,-804.0,Growth Investment
1196,UNITDSPR,Mar 2015,-196.0,3855.0,-4002.0,-343.0,40,Weak,1966.836734693878,High,YES,,NO,Stable,,,3659.0,Financial Stress
1198,UNITDSPR,Mar 2017,647.0,-227.0,-475.0,-56.0,100,Strong,35.08500772797527,Normal,NO,,NO,Growth Investment,,,420.0,Stable
1199,UNITDSPR,Mar 2018,925.0,104.0,-966.0,63.0,100,Strong,11.24324324324324,Normal,NO,,NO,Stable,,,1029.0,Growth Investment
1200,UNITDSPR,Mar 2019,948.0,-66.0,-808.0,74.0,100,Strong,6.962025316455696,Normal,NO,,NO,Growth Investment,,,882.0,Stable
1205,UNITDSPR,Mar 2024,1118.0,226.0,-407.0,937.0,100,Strong,20.21466905187835,Normal,NO,,NO,Stable,,,1344.0,Growth Investment
1222,VEDL,Mar 2017,18083.0,2681.0,-12425.0,8339.0,100,Strong,14.82607974340541,Normal,NO,,NO,Stable,,,20764.0,Growth Investment
1224,VEDL,Mar 2019,23754.0,-10594.0,-10242.0,2918.0,100,Strong,44.59880441188852,Normal,NO,,NO,Growth Investment,,,13160.0,Stable
1235,WIPRO,Mar 2018,8423.0,3595.0,-12998.0,-979.0,100,Strong,42.68075507538882,Normal,NO,,NO,Stable,,,12018.0,Growth Investment
1239,WIPRO,Mar 2022,11080.0,-22321.0,4659.0,-6583.0,100,Strong,201.4530685920578,High,NO,,NO,Growth Investment,,,-11241.0,Stable
1241,WIPRO,Mar 2024,17622.0,1144.0,-18257.0,509.0,100,Strong,6.491885143570538,Normal,NO,,NO,Stable,,,18766.0,Growth Investment
1245,ZOMATO,Mar 2023,-844.0,797.0,-127.0,-174.0,40,Weak,94.43127962085308,High,YES,,NO,Stable,,,-47.0,Financial Stress
1246,ZOMATO,Mar 2024,646.0,-348.0,-207.0,91.0,100,Strong,53.86996904024768,High,NO,,NO,Growth Investment,,,298.0,Stable
1257,ZYDUSLIFE,Mar 2023,2689.0,1542.0,-4400.0,-170.0,100,Strong,57.34473782075121,High,NO,,NO,Stable,,,4231.0,Growth Investment
1258,ZYDUSLIFE,Mar 2024,3228.0,-1492.0,-1810.0,-75.0,100,Strong,46.22057001239158,Normal,NO,,NO,Growth Investment,,,1736.0,Stable
